rate_ts,base_currency,quote_currency,market_rate,ingestion_timestamp
2026-02-01 00:00:00,USD,INR,83.107953,2026-03-01 10:00:00
2026-02-01 00:00:00,EUR,INR,90.391743,2026-03-01 10:00:00
2026-02-01 00:00:00,GBP,INR,105.785884,2026-03-01 10:00:00
2026-02-01 00:00:00,JPY,INR,0.560759,2026-03-01 10:00:00
2026-02-01 00:00:00,AED,INR,22.698365,2026-03-01 10:00:00
2026-02-01 00:00:00,SGD,INR,62.062219,2026-03-01 10:00:00
2026-02-01 00:00:00,USD,AED,3.671327,2026-03-01 10:00:00
2026-02-01 00:00:00,USD,SGD,1.349129,2026-03-01 10:00:00
2026-02-01 06:00:00,USD,INR,83.230068,2026-03-01 10:00:00
2026-02-01 06:00:00,EUR,INR,90.639192,2026-03-01 10:00:00
2026-02-01 06:00:00,GBP,INR,105.696213,2026-03-01 10:00:00
2026-02-01 06:00:00,JPY,INR,0.560876,2026-03-01 10:00:00
2026-02-01 06:00:00,AED,INR,22.640532,2026-03-01 10:00:00
2026-02-01 06:00:00,SGD,INR,62.050958,2026-03-01 10:00:00
2026-02-01 06:00:00,USD,AED,3.670319,2026-03-01 10:00:00
2026-02-01 06:00:00,USD,SGD,1.349596,2026-03-01 10:00:00
2026-02-01 12:00:00,USD,INR,83.207634,2026-03-01 10:00:00
2026-02-01 12:00:00,EUR,INR,90.320125,2026-03-01 10:00:00
2026-02-01 12:00:00,GBP,INR,105.676781,2026-03-01 10:00:00
2026-02-01 12:00:00,JPY,INR,0.5602,2026-03-01 10:00:00
2026-02-01 12:00:00,AED,INR,22.733548,2026-03-01 10:00:00
2026-02-01 12:00:00,SGD,INR,61.967867,2026-03-01 10:00:00
2026-02-01 12:00:00,USD,AED,3.667033,2026-03-01 10:00:00
2026-02-01 12:00:00,USD,SGD,1.349323,2026-03-01 10:00:00
2026-02-01 18:00:00,USD,INR,83.276161,2026-03-01 10:00:00
2026-02-01 18:00:00,EUR,INR,90.529752,2026-03-01 10:00:00
2026-02-01 18:00:00,GBP,INR,105.644004,2026-03-01 10:00:00
2026-02-01 18:00:00,JPY,INR,0.560287,2026-03-01 10:00:00
2026-02-01 18:00:00,AED,INR,22.702204,2026-03-01 10:00:00
2026-02-01 18:00:00,SGD,INR,62.060056,2026-03-01 10:00:00
2026-02-01 18:00:00,USD,AED,3.667423,2026-03-01 10:00:00
2026-02-01 18:00:00,USD,SGD,1.349558,2026-03-01 10:00:00
2026-02-02 00:00:00,USD,INR,83.167377,2026-03-01 10:00:00
2026-02-02 00:00:00,EUR,INR,90.367552,2026-03-01 10:00:00
2026-02-02 00:00:00,GBP,INR,105.7313,2026-03-01 10:00:00
2026-02-02 00:00:00,JPY,INR,0.560146,2026-03-01 10:00:00
2026-02-02 00:00:00,AED,INR,22.700116,2026-03-01 10:00:00
2026-02-02 00:00:00,SGD,INR,61.985456,2026-03-01 10:00:00
2026-02-02 00:00:00,USD,AED,3.664806,2026-03-01 10:00:00
2026-02-02 00:00:00,USD,SGD,1.349432,2026-03-01 10:00:00
2026-02-02 06:00:00,USD,INR,83.171486,2026-03-01 10:00:00
2026-02-02 06:00:00,EUR,INR,90.427394,2026-03-01 10:00:00
2026-02-02 06:00:00,GBP,INR,105.682952,2026-03-01 10:00:00
2026-02-02 06:00:00,JPY,INR,0.560226,2026-03-01 10:00:00
2026-02-02 06:00:00,AED,INR,22.742816,2026-03-01 10:00:00
2026-02-02 06:00:00,SGD,INR,62.010824,2026-03-01 10:00:00
2026-02-02 06:00:00,USD,AED,3.670945,2026-03-01 10:00:00
2026-02-02 06:00:00,USD,SGD,1.349899,2026-03-01 10:00:00
2026-02-02 12:00:00,USD,INR,83.040358,2026-03-01 10:00:00
2026-02-02 12:00:00,EUR,INR,90.4976,2026-03-01 10:00:00
2026-02-02 12:00:00,GBP,INR,105.706366,2026-03-01 10:00:00
2026-02-02 12:00:00,JPY,INR,0.561379,2026-03-01 10:00:00
2026-02-02 12:00:00,AED,INR,22.695633,2026-03-01 10:00:00
2026-02-02 12:00:00,SGD,INR,62.018696,2026-03-01 10:00:00
2026-02-02 12:00:00,USD,AED,3.669873,2026-03-01 10:00:00
2026-02-02 12:00:00,USD,SGD,1.348422,2026-03-01 10:00:00
2026-02-02 18:00:00,USD,INR,83.295083,2026-03-01 10:00:00
2026-02-02 18:00:00,EUR,INR,90.56805,2026-03-01 10:00:00
2026-02-02 18:00:00,GBP,INR,105.783612,2026-03-01 10:00:00
2026-02-02 18:00:00,JPY,INR,0.559491,2026-03-01 10:00:00
2026-02-02 18:00:00,AED,INR,22.731843,2026-03-01 10:00:00
2026-02-02 18:00:00,SGD,INR,61.913085,2026-03-01 10:00:00
2026-02-02 18:00:00,USD,AED,3.672154,2026-03-01 10:00:00
2026-02-02 18:00:00,USD,SGD,1.352957,2026-03-01 10:00:00
2026-02-03 00:00:00,USD,INR,83.117587,2026-03-01 10:00:00
2026-02-03 00:00:00,EUR,INR,90.44875,2026-03-01 10:00:00
2026-02-03 00:00:00,GBP,INR,105.710533,2026-03-01 10:00:00
2026-02-03 00:00:00,JPY,INR,0.559718,2026-03-01 10:00:00
2026-02-03 00:00:00,AED,INR,22.6648,2026-03-01 10:00:00
2026-02-03 00:00:00,SGD,INR,62.004251,2026-03-01 10:00:00
2026-02-03 00:00:00,USD,AED,3.666101,2026-03-01 10:00:00
2026-02-03 00:00:00,USD,SGD,1.350639,2026-03-01 10:00:00
2026-02-03 06:00:00,USD,INR,83.123504,2026-03-01 10:00:00
2026-02-03 06:00:00,EUR,INR,90.640269,2026-03-01 10:00:00
2026-02-03 06:00:00,GBP,INR,105.61721,2026-03-01 10:00:00
2026-02-03 06:00:00,JPY,INR,0.55982,2026-03-01 10:00:00
2026-02-03 06:00:00,AED,INR,22.718467,2026-03-01 10:00:00
2026-02-03 06:00:00,SGD,INR,61.923686,2026-03-01 10:00:00
2026-02-03 06:00:00,USD,AED,3.670835,2026-03-01 10:00:00
2026-02-03 06:00:00,USD,SGD,1.351765,2026-03-01 10:00:00
2026-02-03 12:00:00,USD,INR,83.066257,2026-03-01 10:00:00
2026-02-03 12:00:00,EUR,INR,90.516709,2026-03-01 10:00:00
2026-02-03 12:00:00,GBP,INR,105.72747,2026-03-01 10:00:00
2026-02-03 12:00:00,JPY,INR,0.560438,2026-03-01 10:00:00
2026-02-03 12:00:00,AED,INR,22.671921,2026-03-01 10:00:00
2026-02-03 12:00:00,SGD,INR,61.918132,2026-03-01 10:00:00
2026-02-03 12:00:00,USD,AED,3.671916,2026-03-01 10:00:00
2026-02-03 12:00:00,USD,SGD,1.350401,2026-03-01 10:00:00
2026-02-03 18:00:00,USD,INR,83.220841,2026-03-01 10:00:00
2026-02-03 18:00:00,EUR,INR,90.531354,2026-03-01 10:00:00
2026-02-03 18:00:00,GBP,INR,105.628121,2026-03-01 10:00:00
2026-02-03 18:00:00,JPY,INR,0.56013,2026-03-01 10:00:00
2026-02-03 18:00:00,AED,INR,22.706653,2026-03-01 10:00:00
2026-02-03 18:00:00,SGD,INR,61.95571,2026-03-01 10:00:00
2026-02-03 18:00:00,USD,AED,3.676847,2026-03-01 10:00:00
2026-02-03 18:00:00,USD,SGD,1.35064,2026-03-01 10:00:00
2026-02-04 00:00:00,USD,INR,83.100884,2026-03-01 10:00:00
2026-02-04 00:00:00,EUR,INR,90.559418,2026-03-01 10:00:00
2026-02-04 00:00:00,GBP,INR,105.596976,2026-03-01 10:00:00
2026-02-04 00:00:00,JPY,INR,0.560441,2026-03-01 10:00:00
2026-02-04 00:00:00,AED,INR,22.7263,2026-03-01 10:00:00
2026-02-04 00:00:00,SGD,INR,61.949118,2026-03-01 10:00:00
2026-02-04 00:00:00,USD,AED,3.673536,2026-03-01 10:00:00
2026-02-04 00:00:00,USD,SGD,1.350557,2026-03-01 10:00:00
2026-02-04 06:00:00,USD,INR,83.268395,2026-03-01 10:00:00
2026-02-04 06:00:00,EUR,INR,90.67166,2026-03-01 10:00:00
2026-02-04 06:00:00,GBP,INR,105.674062,2026-03-01 10:00:00
2026-02-04 06:00:00,JPY,INR,0.559578,2026-03-01 10:00:00
2026-02-04 06:00:00,AED,INR,22.679808,2026-03-01 10:00:00
2026-02-04 06:00:00,SGD,INR,61.94942,2026-03-01 10:00:00
2026-02-04 06:00:00,USD,AED,3.669717,2026-03-01 10:00:00
2026-02-04 06:00:00,USD,SGD,1.350461,2026-03-01 10:00:00
2026-02-04 12:00:00,USD,INR,83.223021,2026-03-01 10:00:00
2026-02-04 12:00:00,EUR,INR,90.57486,2026-03-01 10:00:00
2026-02-04 12:00:00,GBP,INR,105.701374,2026-03-01 10:00:00
2026-02-04 12:00:00,JPY,INR,0.560814,2026-03-01 10:00:00
2026-02-04 12:00:00,AED,INR,22.693992,2026-03-01 10:00:00
2026-02-04 12:00:00,SGD,INR,62.16865,2026-03-01 10:00:00
2026-02-04 12:00:00,USD,AED,3.672296,2026-03-01 10:00:00
2026-02-04 12:00:00,USD,SGD,1.348843,2026-03-01 10:00:00
2026-02-04 18:00:00,USD,INR,83.110902,2026-03-01 10:00:00
2026-02-04 18:00:00,EUR,INR,90.543664,2026-03-01 10:00:00
2026-02-04 18:00:00,GBP,INR,105.67638,2026-03-01 10:00:00
2026-02-04 18:00:00,JPY,INR,0.5604,2026-03-01 10:00:00
2026-02-04 18:00:00,AED,INR,22.710742,2026-03-01 10:00:00
2026-02-04 18:00:00,SGD,INR,61.995485,2026-03-01 10:00:00
2026-02-04 18:00:00,USD,AED,3.666892,2026-03-01 10:00:00
2026-02-04 18:00:00,USD,SGD,1.347955,2026-03-01 10:00:00
2026-02-05 00:00:00,USD,INR,83.16285,2026-03-01 10:00:00
2026-02-05 00:00:00,EUR,INR,90.577504,2026-03-01 10:00:00
2026-02-05 00:00:00,GBP,INR,105.72263,2026-03-01 10:00:00
2026-02-05 00:00:00,JPY,INR,0.559302,2026-03-01 10:00:00
2026-02-05 00:00:00,AED,INR,22.703931,2026-03-01 10:00:00
2026-02-05 00:00:00,SGD,INR,62.02389,2026-03-01 10:00:00
2026-02-05 00:00:00,USD,AED,3.666756,2026-03-01 10:00:00
2026-02-05 00:00:00,USD,SGD,1.350208,2026-03-01 10:00:00
2026-02-05 06:00:00,USD,INR,83.204843,2026-03-01 10:00:00
2026-02-05 06:00:00,EUR,INR,90.396561,2026-03-01 10:00:00
2026-02-05 06:00:00,GBP,INR,105.737818,2026-03-01 10:00:00
2026-02-05 06:00:00,JPY,INR,0.560314,2026-03-01 10:00:00
2026-02-05 06:00:00,AED,INR,22.724585,2026-03-01 10:00:00
2026-02-05 06:00:00,SGD,INR,62.065336,2026-03-01 10:00:00
2026-02-05 06:00:00,USD,AED,3.664944,2026-03-01 10:00:00
2026-02-05 06:00:00,USD,SGD,1.348734,2026-03-01 10:00:00
2026-02-05 12:00:00,USD,INR,83.242851,2026-03-01 10:00:00
2026-02-05 12:00:00,EUR,INR,90.546498,2026-03-01 10:00:00
2026-02-05 12:00:00,GBP,INR,105.754441,2026-03-01 10:00:00
2026-02-05 12:00:00,JPY,INR,0.562158,2026-03-01 10:00:00
2026-02-05 12:00:00,AED,INR,22.712959,2026-03-01 10:00:00
2026-02-05 12:00:00,SGD,INR,62.070405,2026-03-01 10:00:00
2026-02-05 12:00:00,USD,AED,3.673501,2026-03-01 10:00:00
2026-02-05 12:00:00,USD,SGD,1.350879,2026-03-01 10:00:00
2026-02-05 18:00:00,USD,INR,83.17377,2026-03-01 10:00:00
2026-02-05 18:00:00,EUR,INR,90.568687,2026-03-01 10:00:00
2026-02-05 18:00:00,GBP,INR,105.618312,2026-03-01 10:00:00
2026-02-05 18:00:00,JPY,INR,0.559867,2026-03-01 10:00:00
2026-02-05 18:00:00,AED,INR,22.688982,2026-03-01 10:00:00
2026-02-05 18:00:00,SGD,INR,62.005076,2026-03-01 10:00:00
2026-02-05 18:00:00,USD,AED,3.678495,2026-03-01 10:00:00
2026-02-05 18:00:00,USD,SGD,1.347479,2026-03-01 10:00:00
2026-02-06 00:00:00,USD,INR,83.257097,2026-03-01 10:00:00
2026-02-06 00:00:00,EUR,INR,90.354049,2026-03-01 10:00:00
2026-02-06 00:00:00,GBP,INR,105.650117,2026-03-01 10:00:00
2026-02-06 00:00:00,JPY,INR,0.56061,2026-03-01 10:00:00
2026-02-06 00:00:00,AED,INR,22.701459,2026-03-01 10:00:00
2026-02-06 00:00:00,SGD,INR,61.93318,2026-03-01 10:00:00
2026-02-06 00:00:00,USD,AED,3.667375,2026-03-01 10:00:00
2026-02-06 00:00:00,USD,SGD,1.350917,2026-03-01 10:00:00
2026-02-06 06:00:00,USD,INR,83.139233,2026-03-01 10:00:00
2026-02-06 06:00:00,EUR,INR,90.51959,2026-03-01 10:00:00
2026-02-06 06:00:00,GBP,INR,105.704817,2026-03-01 10:00:00
2026-02-06 06:00:00,JPY,INR,0.559635,2026-03-01 10:00:00
2026-02-06 06:00:00,AED,INR,22.748668,2026-03-01 10:00:00
2026-02-06 06:00:00,SGD,INR,62.039303,2026-03-01 10:00:00
2026-02-06 06:00:00,USD,AED,3.662568,2026-03-01 10:00:00
2026-02-06 06:00:00,USD,SGD,1.350252,2026-03-01 10:00:00
2026-02-06 12:00:00,USD,INR,83.144939,2026-03-01 10:00:00
2026-02-06 12:00:00,EUR,INR,90.577145,2026-03-01 10:00:00
2026-02-06 12:00:00,GBP,INR,105.616231,2026-03-01 10:00:00
2026-02-06 12:00:00,JPY,INR,0.559936,2026-03-01 10:00:00
2026-02-06 12:00:00,AED,INR,22.711463,2026-03-01 10:00:00
2026-02-06 12:00:00,SGD,INR,62.053677,2026-03-01 10:00:00
2026-02-06 12:00:00,USD,AED,3.665595,2026-03-01 10:00:00
2026-02-06 12:00:00,USD,SGD,1.349548,2026-03-01 10:00:00
2026-02-06 18:00:00,USD,INR,83.160485,2026-03-01 10:00:00
2026-02-06 18:00:00,EUR,INR,90.440874,2026-03-01 10:00:00
2026-02-06 18:00:00,GBP,INR,105.886609,2026-03-01 10:00:00
2026-02-06 18:00:00,JPY,INR,0.560227,2026-03-01 10:00:00
2026-02-06 18:00:00,AED,INR,22.671378,2026-03-01 10:00:00
2026-02-06 18:00:00,SGD,INR,62.056907,2026-03-01 10:00:00
2026-02-06 18:00:00,USD,AED,3.677788,2026-03-01 10:00:00
2026-02-06 18:00:00,USD,SGD,1.351394,2026-03-01 10:00:00
2026-02-07 00:00:00,USD,INR,83.073588,2026-03-01 10:00:00
2026-02-07 00:00:00,EUR,INR,90.456177,2026-03-01 10:00:00
2026-02-07 00:00:00,GBP,INR,105.833913,2026-03-01 10:00:00
2026-02-07 00:00:00,JPY,INR,0.559604,2026-03-01 10:00:00
2026-02-07 00:00:00,AED,INR,22.710075,2026-03-01 10:00:00
2026-02-07 00:00:00,SGD,INR,62.048027,2026-03-01 10:00:00
2026-02-07 00:00:00,USD,AED,3.666598,2026-03-01 10:00:00
2026-02-07 00:00:00,USD,SGD,1.34992,2026-03-01 10:00:00
2026-02-07 06:00:00,USD,INR,82.930327,2026-03-01 10:00:00
2026-02-07 06:00:00,EUR,INR,90.407293,2026-03-01 10:00:00
2026-02-07 06:00:00,GBP,INR,105.673304,2026-03-01 10:00:00
2026-02-07 06:00:00,JPY,INR,0.559301,2026-03-01 10:00:00
2026-02-07 06:00:00,AED,INR,22.737056,2026-03-01 10:00:00
2026-02-07 06:00:00,SGD,INR,61.911331,2026-03-01 10:00:00
2026-02-07 06:00:00,USD,AED,3.668385,2026-03-01 10:00:00
2026-02-07 06:00:00,USD,SGD,1.350176,2026-03-01 10:00:00
2026-02-07 12:00:00,USD,INR,83.319914,2026-03-01 10:00:00
2026-02-07 12:00:00,EUR,INR,90.370054,2026-03-01 10:00:00
2026-02-07 12:00:00,GBP,INR,105.822946,2026-03-01 10:00:00
2026-02-07 12:00:00,JPY,INR,0.560006,2026-03-01 10:00:00
2026-02-07 12:00:00,AED,INR,22.67772,2026-03-01 10:00:00
2026-02-07 12:00:00,SGD,INR,62.02865,2026-03-01 10:00:00
2026-02-07 12:00:00,USD,AED,3.670731,2026-03-01 10:00:00
2026-02-07 12:00:00,USD,SGD,1.34919,2026-03-01 10:00:00
2026-02-07 18:00:00,USD,INR,83.205808,2026-03-01 10:00:00
2026-02-07 18:00:00,EUR,INR,90.465129,2026-03-01 10:00:00
2026-02-07 18:00:00,GBP,INR,105.711999,2026-03-01 10:00:00
2026-02-07 18:00:00,JPY,INR,0.560371,2026-03-01 10:00:00
2026-02-07 18:00:00,AED,INR,22.736003,2026-03-01 10:00:00
2026-02-07 18:00:00,SGD,INR,61.923255,2026-03-01 10:00:00
2026-02-07 18:00:00,USD,AED,3.677828,2026-03-01 10:00:00
2026-02-07 18:00:00,USD,SGD,1.347365,2026-03-01 10:00:00
2026-02-08 00:00:00,USD,INR,83.187371,2026-03-01 10:00:00
2026-02-08 00:00:00,EUR,INR,90.553243,2026-03-01 10:00:00
2026-02-08 00:00:00,GBP,INR,105.729701,2026-03-01 10:00:00
2026-02-08 00:00:00,JPY,INR,0.559651,2026-03-01 10:00:00
2026-02-08 00:00:00,AED,INR,22.695276,2026-03-01 10:00:00
2026-02-08 00:00:00,SGD,INR,61.969434,2026-03-01 10:00:00
2026-02-08 00:00:00,USD,AED,3.667837,2026-03-01 10:00:00
2026-02-08 00:00:00,USD,SGD,1.351147,2026-03-01 10:00:00
2026-02-08 06:00:00,USD,INR,83.229704,2026-03-01 10:00:00
2026-02-08 06:00:00,EUR,INR,90.437292,2026-03-01 10:00:00
2026-02-08 06:00:00,GBP,INR,105.795088,2026-03-01 10:00:00
2026-02-08 06:00:00,JPY,INR,0.560172,2026-03-01 10:00:00
2026-02-08 06:00:00,AED,INR,22.718452,2026-03-01 10:00:00
2026-02-08 06:00:00,SGD,INR,62.039037,2026-03-01 10:00:00
2026-02-08 06:00:00,USD,AED,3.666958,2026-03-01 10:00:00
2026-02-08 06:00:00,USD,SGD,1.349244,2026-03-01 10:00:00
2026-02-08 12:00:00,USD,INR,83.262175,2026-03-01 10:00:00
2026-02-08 12:00:00,EUR,INR,90.555239,2026-03-01 10:00:00
2026-02-08 12:00:00,GBP,INR,105.697791,2026-03-01 10:00:00
2026-02-08 12:00:00,JPY,INR,0.560066,2026-03-01 10:00:00
2026-02-08 12:00:00,AED,INR,22.729003,2026-03-01 10:00:00
2026-02-08 12:00:00,SGD,INR,61.963323,2026-03-01 10:00:00
2026-02-08 12:00:00,USD,AED,3.672008,2026-03-01 10:00:00
2026-02-08 12:00:00,USD,SGD,1.349727,2026-03-01 10:00:00
2026-02-08 18:00:00,USD,INR,83.181889,2026-03-01 10:00:00
2026-02-08 18:00:00,EUR,INR,90.599439,2026-03-01 10:00:00
2026-02-08 18:00:00,GBP,INR,105.787247,2026-03-01 10:00:00
2026-02-08 18:00:00,JPY,INR,0.560456,2026-03-01 10:00:00
2026-02-08 18:00:00,AED,INR,22.729634,2026-03-01 10:00:00
2026-02-08 18:00:00,SGD,INR,62.001302,2026-03-01 10:00:00
2026-02-08 18:00:00,USD,AED,3.672503,2026-03-01 10:00:00
2026-02-08 18:00:00,USD,SGD,1.349581,2026-03-01 10:00:00
2026-02-09 00:00:00,USD,INR,83.226971,2026-03-01 10:00:00
2026-02-09 00:00:00,EUR,INR,90.488222,2026-03-01 10:00:00
2026-02-09 00:00:00,GBP,INR,105.710252,2026-03-01 10:00:00
2026-02-09 00:00:00,JPY,INR,0.560333,2026-03-01 10:00:00
2026-02-09 00:00:00,AED,INR,22.681426,2026-03-01 10:00:00
2026-02-09 00:00:00,SGD,INR,62.129728,2026-03-01 10:00:00
2026-02-09 00:00:00,USD,AED,3.666308,2026-03-01 10:00:00
2026-02-09 00:00:00,USD,SGD,1.348361,2026-03-01 10:00:00
2026-02-09 06:00:00,USD,INR,83.296355,2026-03-01 10:00:00
2026-02-09 06:00:00,EUR,INR,90.571645,2026-03-01 10:00:00
2026-02-09 06:00:00,GBP,INR,105.765969,2026-03-01 10:00:00
2026-02-09 06:00:00,JPY,INR,0.560352,2026-03-01 10:00:00
2026-02-09 06:00:00,AED,INR,22.699722,2026-03-01 10:00:00
2026-02-09 06:00:00,SGD,INR,61.94437,2026-03-01 10:00:00
2026-02-09 06:00:00,USD,AED,3.670278,2026-03-01 10:00:00
2026-02-09 06:00:00,USD,SGD,1.349086,2026-03-01 10:00:00
2026-02-09 12:00:00,USD,INR,83.28113,2026-03-01 10:00:00
2026-02-09 12:00:00,EUR,INR,90.486691,2026-03-01 10:00:00
2026-02-09 12:00:00,GBP,INR,105.612745,2026-03-01 10:00:00
2026-02-09 12:00:00,JPY,INR,0.55982,2026-03-01 10:00:00
2026-02-09 12:00:00,AED,INR,22.709374,2026-03-01 10:00:00
2026-02-09 12:00:00,SGD,INR,61.965049,2026-03-01 10:00:00
2026-02-09 12:00:00,USD,AED,3.666982,2026-03-01 10:00:00
2026-02-09 12:00:00,USD,SGD,1.350329,2026-03-01 10:00:00
2026-02-09 18:00:00,USD,INR,83.220381,2026-03-01 10:00:00
2026-02-09 18:00:00,EUR,INR,90.454122,2026-03-01 10:00:00
2026-02-09 18:00:00,GBP,INR,105.650211,2026-03-01 10:00:00
2026-02-09 18:00:00,JPY,INR,0.56013,2026-03-01 10:00:00
2026-02-09 18:00:00,AED,INR,22.667128,2026-03-01 10:00:00
2026-02-09 18:00:00,SGD,INR,61.912737,2026-03-01 10:00:00
2026-02-09 18:00:00,USD,AED,3.667363,2026-03-01 10:00:00
2026-02-09 18:00:00,USD,SGD,1.349712,2026-03-01 10:00:00
2026-02-10 00:00:00,USD,INR,83.225868,2026-03-01 10:00:00
2026-02-10 00:00:00,EUR,INR,90.63352,2026-03-01 10:00:00
2026-02-10 00:00:00,GBP,INR,105.790655,2026-03-01 10:00:00
2026-02-10 00:00:00,JPY,INR,0.55991,2026-03-01 10:00:00
2026-02-10 00:00:00,AED,INR,22.699568,2026-03-01 10:00:00
2026-02-10 00:00:00,SGD,INR,61.937843,2026-03-01 10:00:00
2026-02-10 00:00:00,USD,AED,3.669932,2026-03-01 10:00:00
2026-02-10 00:00:00,USD,SGD,1.34961,2026-03-01 10:00:00
2026-02-10 06:00:00,USD,INR,83.22685,2026-03-01 10:00:00
2026-02-10 06:00:00,EUR,INR,90.425136,2026-03-01 10:00:00
2026-02-10 06:00:00,GBP,INR,105.754895,2026-03-01 10:00:00
2026-02-10 06:00:00,JPY,INR,0.560858,2026-03-01 10:00:00
2026-02-10 06:00:00,AED,INR,22.697531,2026-03-01 10:00:00
2026-02-10 06:00:00,SGD,INR,62.024906,2026-03-01 10:00:00
2026-02-10 06:00:00,USD,AED,3.672533,2026-03-01 10:00:00
2026-02-10 06:00:00,USD,SGD,1.349458,2026-03-01 10:00:00
2026-02-10 12:00:00,USD,INR,83.218644,2026-03-01 10:00:00
2026-02-10 12:00:00,EUR,INR,90.50114,2026-03-01 10:00:00
2026-02-10 12:00:00,GBP,INR,105.710324,2026-03-01 10:00:00
2026-02-10 12:00:00,JPY,INR,0.559567,2026-03-01 10:00:00
2026-02-10 12:00:00,AED,INR,22.700556,2026-03-01 10:00:00
2026-02-10 12:00:00,SGD,INR,62.030876,2026-03-01 10:00:00
2026-02-10 12:00:00,USD,AED,3.675326,2026-03-01 10:00:00
2026-02-10 12:00:00,USD,SGD,1.351295,2026-03-01 10:00:00
2026-02-10 18:00:00,USD,INR,83.379145,2026-03-01 10:00:00
2026-02-10 18:00:00,EUR,INR,90.430555,2026-03-01 10:00:00
2026-02-10 18:00:00,GBP,INR,105.792204,2026-03-01 10:00:00
2026-02-10 18:00:00,JPY,INR,0.560103,2026-03-01 10:00:00
2026-02-10 18:00:00,AED,INR,22.749709,2026-03-01 10:00:00
2026-02-10 18:00:00,SGD,INR,61.949886,2026-03-01 10:00:00
2026-02-10 18:00:00,USD,AED,3.666918,2026-03-01 10:00:00
2026-02-10 18:00:00,USD,SGD,1.349191,2026-03-01 10:00:00
2026-02-11 00:00:00,USD,INR,83.023292,2026-03-01 10:00:00
2026-02-11 00:00:00,EUR,INR,90.452419,2026-03-01 10:00:00
2026-02-11 00:00:00,GBP,INR,105.61976,2026-03-01 10:00:00
2026-02-11 00:00:00,JPY,INR,0.560084,2026-03-01 10:00:00
2026-02-11 00:00:00,AED,INR,22.707758,2026-03-01 10:00:00
2026-02-11 00:00:00,SGD,INR,62.116323,2026-03-01 10:00:00
2026-02-11 00:00:00,USD,AED,3.673488,2026-03-01 10:00:00
2026-02-11 00:00:00,USD,SGD,1.349221,2026-03-01 10:00:00
2026-02-11 06:00:00,USD,INR,83.125252,2026-03-01 10:00:00
2026-02-11 06:00:00,EUR,INR,90.544519,2026-03-01 10:00:00
2026-02-11 06:00:00,GBP,INR,105.560451,2026-03-01 10:00:00
2026-02-11 06:00:00,JPY,INR,0.561026,2026-03-01 10:00:00
2026-02-11 06:00:00,AED,INR,22.726773,2026-03-01 10:00:00
2026-02-11 06:00:00,SGD,INR,61.970911,2026-03-01 10:00:00
2026-02-11 06:00:00,USD,AED,3.663713,2026-03-01 10:00:00
2026-02-11 06:00:00,USD,SGD,1.351828,2026-03-01 10:00:00
2026-02-11 12:00:00,USD,INR,83.19047,2026-03-01 10:00:00
2026-02-11 12:00:00,EUR,INR,90.612022,2026-03-01 10:00:00
2026-02-11 12:00:00,GBP,INR,105.531469,2026-03-01 10:00:00
2026-02-11 12:00:00,JPY,INR,0.559664,2026-03-01 10:00:00
2026-02-11 12:00:00,AED,INR,22.700119,2026-03-01 10:00:00
2026-02-11 12:00:00,SGD,INR,62.002913,2026-03-01 10:00:00
2026-02-11 12:00:00,USD,AED,3.668348,2026-03-01 10:00:00
2026-02-11 12:00:00,USD,SGD,1.350841,2026-03-01 10:00:00
2026-02-11 18:00:00,USD,INR,83.111174,2026-03-01 10:00:00
2026-02-11 18:00:00,EUR,INR,90.487115,2026-03-01 10:00:00
2026-02-11 18:00:00,GBP,INR,105.712715,2026-03-01 10:00:00
2026-02-11 18:00:00,JPY,INR,0.560288,2026-03-01 10:00:00
2026-02-11 18:00:00,AED,INR,22.716154,2026-03-01 10:00:00
2026-02-11 18:00:00,SGD,INR,61.930272,2026-03-01 10:00:00
2026-02-11 18:00:00,USD,AED,3.66437,2026-03-01 10:00:00
2026-02-11 18:00:00,USD,SGD,1.351725,2026-03-01 10:00:00
2026-02-12 00:00:00,USD,INR,83.227649,2026-03-01 10:00:00
2026-02-12 00:00:00,EUR,INR,90.432262,2026-03-01 10:00:00
2026-02-12 00:00:00,GBP,INR,105.863957,2026-03-01 10:00:00
2026-02-12 00:00:00,JPY,INR,0.560065,2026-03-01 10:00:00
2026-02-12 00:00:00,AED,INR,22.72677,2026-03-01 10:00:00
2026-02-12 00:00:00,SGD,INR,62.004186,2026-03-01 10:00:00
2026-02-12 00:00:00,USD,AED,3.677563,2026-03-01 10:00:00
2026-02-12 00:00:00,USD,SGD,1.35237,2026-03-01 10:00:00
2026-02-12 06:00:00,USD,INR,83.179286,2026-03-01 10:00:00
2026-02-12 06:00:00,EUR,INR,90.587927,2026-03-01 10:00:00
2026-02-12 06:00:00,GBP,INR,105.768216,2026-03-01 10:00:00
2026-02-12 06:00:00,JPY,INR,0.560766,2026-03-01 10:00:00
2026-02-12 06:00:00,AED,INR,22.678096,2026-03-01 10:00:00
2026-02-12 06:00:00,SGD,INR,62.042535,2026-03-01 10:00:00
2026-02-12 06:00:00,USD,AED,3.673884,2026-03-01 10:00:00
2026-02-12 06:00:00,USD,SGD,1.347626,2026-03-01 10:00:00
2026-02-12 12:00:00,USD,INR,83.101553,2026-03-01 10:00:00
2026-02-12 12:00:00,EUR,INR,90.315449,2026-03-01 10:00:00
2026-02-12 12:00:00,GBP,INR,105.671524,2026-03-01 10:00:00
2026-02-12 12:00:00,JPY,INR,0.560402,2026-03-01 10:00:00
2026-02-12 12:00:00,AED,INR,22.734104,2026-03-01 10:00:00
2026-02-12 12:00:00,SGD,INR,62.004594,2026-03-01 10:00:00
2026-02-12 12:00:00,USD,AED,3.675977,2026-03-01 10:00:00
2026-02-12 12:00:00,USD,SGD,1.348137,2026-03-01 10:00:00
2026-02-12 18:00:00,USD,INR,83.058279,2026-03-01 10:00:00
2026-02-12 18:00:00,EUR,INR,90.494973,2026-03-01 10:00:00
2026-02-12 18:00:00,GBP,INR,105.740596,2026-03-01 10:00:00
2026-02-12 18:00:00,JPY,INR,0.559982,2026-03-01 10:00:00
2026-02-12 18:00:00,AED,INR,22.653069,2026-03-01 10:00:00
2026-02-12 18:00:00,SGD,INR,61.994475,2026-03-01 10:00:00
2026-02-12 18:00:00,USD,AED,3.665213,2026-03-01 10:00:00
2026-02-12 18:00:00,USD,SGD,1.350904,2026-03-01 10:00:00
2026-02-13 00:00:00,USD,INR,83.230501,2026-03-01 10:00:00
2026-02-13 00:00:00,EUR,INR,90.414941,2026-03-01 10:00:00
2026-02-13 00:00:00,GBP,INR,105.645684,2026-03-01 10:00:00
2026-02-13 00:00:00,JPY,INR,0.559407,2026-03-01 10:00:00
2026-02-13 00:00:00,AED,INR,22.698577,2026-03-01 10:00:00
2026-02-13 00:00:00,SGD,INR,62.059219,2026-03-01 10:00:00
2026-02-13 00:00:00,USD,AED,3.666382,2026-03-01 10:00:00
2026-02-13 00:00:00,USD,SGD,1.35068,2026-03-01 10:00:00
2026-02-13 06:00:00,USD,INR,83.155883,2026-03-01 10:00:00
2026-02-13 06:00:00,EUR,INR,90.428245,2026-03-01 10:00:00
2026-02-13 06:00:00,GBP,INR,105.688687,2026-03-01 10:00:00
2026-02-13 06:00:00,JPY,INR,0.55942,2026-03-01 10:00:00
2026-02-13 06:00:00,AED,INR,22.687432,2026-03-01 10:00:00
2026-02-13 06:00:00,SGD,INR,61.925732,2026-03-01 10:00:00
2026-02-13 06:00:00,USD,AED,3.677211,2026-03-01 10:00:00
2026-02-13 06:00:00,USD,SGD,1.350048,2026-03-01 10:00:00
2026-02-13 12:00:00,USD,INR,83.141783,2026-03-01 10:00:00
2026-02-13 12:00:00,EUR,INR,90.519365,2026-03-01 10:00:00
2026-02-13 12:00:00,GBP,INR,105.688127,2026-03-01 10:00:00
2026-02-13 12:00:00,JPY,INR,0.559876,2026-03-01 10:00:00
2026-02-13 12:00:00,AED,INR,22.713942,2026-03-01 10:00:00
2026-02-13 12:00:00,SGD,INR,62.046965,2026-03-01 10:00:00
2026-02-13 12:00:00,USD,AED,3.668053,2026-03-01 10:00:00
2026-02-13 12:00:00,USD,SGD,1.349223,2026-03-01 10:00:00
2026-02-13 18:00:00,USD,INR,83.177116,2026-03-01 10:00:00
2026-02-13 18:00:00,EUR,INR,90.291676,2026-03-01 10:00:00
2026-02-13 18:00:00,GBP,INR,105.539844,2026-03-01 10:00:00
2026-02-13 18:00:00,JPY,INR,0.560765,2026-03-01 10:00:00
2026-02-13 18:00:00,AED,INR,22.737341,2026-03-01 10:00:00
2026-02-13 18:00:00,SGD,INR,61.98456,2026-03-01 10:00:00
2026-02-13 18:00:00,USD,AED,3.672116,2026-03-01 10:00:00
2026-02-13 18:00:00,USD,SGD,1.35042,2026-03-01 10:00:00
2026-02-14 00:00:00,USD,INR,83.456163,2026-03-01 10:00:00
2026-02-14 00:00:00,EUR,INR,90.601322,2026-03-01 10:00:00
2026-02-14 00:00:00,GBP,INR,105.686479,2026-03-01 10:00:00
2026-02-14 00:00:00,JPY,INR,0.559465,2026-03-01 10:00:00
2026-02-14 00:00:00,AED,INR,22.663534,2026-03-01 10:00:00
2026-02-14 00:00:00,SGD,INR,62.012615,2026-03-01 10:00:00
2026-02-14 00:00:00,USD,AED,3.667224,2026-03-01 10:00:00
2026-02-14 00:00:00,USD,SGD,1.34808,2026-03-01 10:00:00
2026-02-14 06:00:00,USD,INR,83.146205,2026-03-01 10:00:00
2026-02-14 06:00:00,EUR,INR,90.40212,2026-03-01 10:00:00
2026-02-14 06:00:00,GBP,INR,105.878331,2026-03-01 10:00:00
2026-02-14 06:00:00,JPY,INR,0.560494,2026-03-01 10:00:00
2026-02-14 06:00:00,AED,INR,22.699819,2026-03-01 10:00:00
2026-02-14 06:00:00,SGD,INR,62.091757,2026-03-01 10:00:00
2026-02-14 06:00:00,USD,AED,3.670284,2026-03-01 10:00:00
2026-02-14 06:00:00,USD,SGD,1.348837,2026-03-01 10:00:00
2026-02-14 12:00:00,USD,INR,83.326724,2026-03-01 10:00:00
2026-02-14 12:00:00,EUR,INR,90.548771,2026-03-01 10:00:00
2026-02-14 12:00:00,GBP,INR,105.590363,2026-03-01 10:00:00
2026-02-14 12:00:00,JPY,INR,0.559893,2026-03-01 10:00:00
2026-02-14 12:00:00,AED,INR,22.680123,2026-03-01 10:00:00
2026-02-14 12:00:00,SGD,INR,61.914266,2026-03-01 10:00:00
2026-02-14 12:00:00,USD,AED,3.673399,2026-03-01 10:00:00
2026-02-14 12:00:00,USD,SGD,1.352578,2026-03-01 10:00:00
2026-02-14 18:00:00,USD,INR,83.083639,2026-03-01 10:00:00
2026-02-14 18:00:00,EUR,INR,90.550949,2026-03-01 10:00:00
2026-02-14 18:00:00,GBP,INR,105.631227,2026-03-01 10:00:00
2026-02-14 18:00:00,JPY,INR,0.559727,2026-03-01 10:00:00
2026-02-14 18:00:00,AED,INR,22.686553,2026-03-01 10:00:00
2026-02-14 18:00:00,SGD,INR,61.946433,2026-03-01 10:00:00
2026-02-14 18:00:00,USD,AED,3.670178,2026-03-01 10:00:00
2026-02-14 18:00:00,USD,SGD,1.348878,2026-03-01 10:00:00
2026-02-15 00:00:00,USD,INR,83.222502,2026-03-01 10:00:00
2026-02-15 00:00:00,EUR,INR,90.495453,2026-03-01 10:00:00
2026-02-15 00:00:00,GBP,INR,105.674743,2026-03-01 10:00:00
2026-02-15 00:00:00,JPY,INR,0.559492,2026-03-01 10:00:00
2026-02-15 00:00:00,AED,INR,22.686907,2026-03-01 10:00:00
2026-02-15 00:00:00,SGD,INR,62.046834,2026-03-01 10:00:00
2026-02-15 00:00:00,USD,AED,3.671838,2026-03-01 10:00:00
2026-02-15 00:00:00,USD,SGD,1.34868,2026-03-01 10:00:00
2026-02-15 06:00:00,USD,INR,83.208264,2026-03-01 10:00:00
2026-02-15 06:00:00,EUR,INR,90.568001,2026-03-01 10:00:00
2026-02-15 06:00:00,GBP,INR,105.523544,2026-03-01 10:00:00
2026-02-15 06:00:00,JPY,INR,0.560304,2026-03-01 10:00:00
2026-02-15 06:00:00,AED,INR,22.684958,2026-03-01 10:00:00
2026-02-15 06:00:00,SGD,INR,62.035377,2026-03-01 10:00:00
2026-02-15 06:00:00,USD,AED,3.667199,2026-03-01 10:00:00
2026-02-15 06:00:00,USD,SGD,1.347563,2026-03-01 10:00:00
2026-02-15 12:00:00,USD,INR,83.064588,2026-03-01 10:00:00
2026-02-15 12:00:00,EUR,INR,90.504352,2026-03-01 10:00:00
2026-02-15 12:00:00,GBP,INR,105.727453,2026-03-01 10:00:00
2026-02-15 12:00:00,JPY,INR,0.559494,2026-03-01 10:00:00
2026-02-15 12:00:00,AED,INR,22.714496,2026-03-01 10:00:00
2026-02-15 12:00:00,SGD,INR,61.896986,2026-03-01 10:00:00
2026-02-15 12:00:00,USD,AED,3.669757,2026-03-01 10:00:00
2026-02-15 12:00:00,USD,SGD,1.348365,2026-03-01 10:00:00
2026-02-15 18:00:00,USD,INR,83.145767,2026-03-01 10:00:00
2026-02-15 18:00:00,EUR,INR,90.50429,2026-03-01 10:00:00
2026-02-15 18:00:00,GBP,INR,105.609054,2026-03-01 10:00:00
2026-02-15 18:00:00,JPY,INR,0.559785,2026-03-01 10:00:00
2026-02-15 18:00:00,AED,INR,22.722843,2026-03-01 10:00:00
2026-02-15 18:00:00,SGD,INR,61.964233,2026-03-01 10:00:00
2026-02-15 18:00:00,USD,AED,3.673067,2026-03-01 10:00:00
2026-02-15 18:00:00,USD,SGD,1.348475,2026-03-01 10:00:00
2026-02-16 00:00:00,USD,INR,83.24408,2026-03-01 10:00:00
2026-02-16 00:00:00,EUR,INR,90.630462,2026-03-01 10:00:00
2026-02-16 00:00:00,GBP,INR,105.438747,2026-03-01 10:00:00
2026-02-16 00:00:00,JPY,INR,0.559554,2026-03-01 10:00:00
2026-02-16 00:00:00,AED,INR,22.7131,2026-03-01 10:00:00
2026-02-16 00:00:00,SGD,INR,61.987411,2026-03-01 10:00:00
2026-02-16 00:00:00,USD,AED,3.671362,2026-03-01 10:00:00
2026-02-16 00:00:00,USD,SGD,1.349185,2026-03-01 10:00:00
2026-02-16 06:00:00,USD,INR,83.207204,2026-03-01 10:00:00
2026-02-16 06:00:00,EUR,INR,90.485911,2026-03-01 10:00:00
2026-02-16 06:00:00,GBP,INR,105.823435,2026-03-01 10:00:00
2026-02-16 06:00:00,JPY,INR,0.560142,2026-03-01 10:00:00
2026-02-16 06:00:00,AED,INR,22.707664,2026-03-01 10:00:00
2026-02-16 06:00:00,SGD,INR,61.974464,2026-03-01 10:00:00
2026-02-16 06:00:00,USD,AED,3.66821,2026-03-01 10:00:00
2026-02-16 06:00:00,USD,SGD,1.349416,2026-03-01 10:00:00
2026-02-16 12:00:00,USD,INR,83.232818,2026-03-01 10:00:00
2026-02-16 12:00:00,EUR,INR,90.461901,2026-03-01 10:00:00
2026-02-16 12:00:00,GBP,INR,105.730629,2026-03-01 10:00:00
2026-02-16 12:00:00,JPY,INR,0.561162,2026-03-01 10:00:00
2026-02-16 12:00:00,AED,INR,22.719775,2026-03-01 10:00:00
2026-02-16 12:00:00,SGD,INR,61.979787,2026-03-01 10:00:00
2026-02-16 12:00:00,USD,AED,3.674408,2026-03-01 10:00:00
2026-02-16 12:00:00,USD,SGD,1.349449,2026-03-01 10:00:00
2026-02-16 18:00:00,USD,INR,83.030428,2026-03-01 10:00:00
2026-02-16 18:00:00,EUR,INR,90.408768,2026-03-01 10:00:00
2026-02-16 18:00:00,GBP,INR,105.502257,2026-03-01 10:00:00
2026-02-16 18:00:00,JPY,INR,0.559803,2026-03-01 10:00:00
2026-02-16 18:00:00,AED,INR,22.700418,2026-03-01 10:00:00
2026-02-16 18:00:00,SGD,INR,62.103939,2026-03-01 10:00:00
2026-02-16 18:00:00,USD,AED,3.6712,2026-03-01 10:00:00
2026-02-16 18:00:00,USD,SGD,1.349704,2026-03-01 10:00:00
2026-02-17 00:00:00,USD,INR,83.269007,2026-03-01 10:00:00
2026-02-17 00:00:00,EUR,INR,90.299892,2026-03-01 10:00:00
2026-02-17 00:00:00,GBP,INR,105.724904,2026-03-01 10:00:00
2026-02-17 00:00:00,JPY,INR,0.560432,2026-03-01 10:00:00
2026-02-17 00:00:00,AED,INR,22.666436,2026-03-01 10:00:00
2026-02-17 00:00:00,SGD,INR,62.070913,2026-03-01 10:00:00
2026-02-17 00:00:00,USD,AED,3.671242,2026-03-01 10:00:00
2026-02-17 00:00:00,USD,SGD,1.349439,2026-03-01 10:00:00
2026-02-17 06:00:00,USD,INR,83.252647,2026-03-01 10:00:00
2026-02-17 06:00:00,EUR,INR,90.705498,2026-03-01 10:00:00
2026-02-17 06:00:00,GBP,INR,105.719223,2026-03-01 10:00:00
2026-02-17 06:00:00,JPY,INR,0.560139,2026-03-01 10:00:00
2026-02-17 06:00:00,AED,INR,22.689573,2026-03-01 10:00:00
2026-02-17 06:00:00,SGD,INR,61.94731,2026-03-01 10:00:00
2026-02-17 06:00:00,USD,AED,3.673047,2026-03-01 10:00:00
2026-02-17 06:00:00,USD,SGD,1.348844,2026-03-01 10:00:00
2026-02-17 12:00:00,USD,INR,83.205954,2026-03-01 10:00:00
2026-02-17 12:00:00,EUR,INR,90.456772,2026-03-01 10:00:00
2026-02-17 12:00:00,GBP,INR,105.750628,2026-03-01 10:00:00
2026-02-17 12:00:00,JPY,INR,0.560187,2026-03-01 10:00:00
2026-02-17 12:00:00,AED,INR,22.723552,2026-03-01 10:00:00
2026-02-17 12:00:00,SGD,INR,61.968379,2026-03-01 10:00:00
2026-02-17 12:00:00,USD,AED,3.66901,2026-03-01 10:00:00
2026-02-17 12:00:00,USD,SGD,1.348679,2026-03-01 10:00:00
2026-02-17 18:00:00,USD,INR,83.163035,2026-03-01 10:00:00
2026-02-17 18:00:00,EUR,INR,90.534146,2026-03-01 10:00:00
2026-02-17 18:00:00,GBP,INR,105.780014,2026-03-01 10:00:00
2026-02-17 18:00:00,JPY,INR,0.559484,2026-03-01 10:00:00
2026-02-17 18:00:00,AED,INR,22.71974,2026-03-01 10:00:00
2026-02-17 18:00:00,SGD,INR,62.08405,2026-03-01 10:00:00
2026-02-17 18:00:00,USD,AED,3.671517,2026-03-01 10:00:00
2026-02-17 18:00:00,USD,SGD,1.352534,2026-03-01 10:00:00
2026-02-18 00:00:00,USD,INR,83.135621,2026-03-01 10:00:00
2026-02-18 00:00:00,EUR,INR,90.387359,2026-03-01 10:00:00
2026-02-18 00:00:00,GBP,INR,105.511989,2026-03-01 10:00:00
2026-02-18 00:00:00,JPY,INR,0.560838,2026-03-01 10:00:00
2026-02-18 00:00:00,AED,INR,22.714854,2026-03-01 10:00:00
2026-02-18 00:00:00,SGD,INR,61.996554,2026-03-01 10:00:00
2026-02-18 00:00:00,USD,AED,3.671027,2026-03-01 10:00:00
2026-02-18 00:00:00,USD,SGD,1.348481,2026-03-01 10:00:00
2026-02-18 06:00:00,USD,INR,83.403487,2026-03-01 10:00:00
2026-02-18 06:00:00,EUR,INR,90.511695,2026-03-01 10:00:00
2026-02-18 06:00:00,GBP,INR,105.711563,2026-03-01 10:00:00
2026-02-18 06:00:00,JPY,INR,0.560406,2026-03-01 10:00:00
2026-02-18 06:00:00,AED,INR,22.710919,2026-03-01 10:00:00
2026-02-18 06:00:00,SGD,INR,62.013881,2026-03-01 10:00:00
2026-02-18 06:00:00,USD,AED,3.667099,2026-03-01 10:00:00
2026-02-18 06:00:00,USD,SGD,1.350636,2026-03-01 10:00:00
2026-02-18 12:00:00,USD,INR,83.356584,2026-03-01 10:00:00
2026-02-18 12:00:00,EUR,INR,90.621761,2026-03-01 10:00:00
2026-02-18 12:00:00,GBP,INR,105.8684,2026-03-01 10:00:00
2026-02-18 12:00:00,JPY,INR,0.559714,2026-03-01 10:00:00
2026-02-18 12:00:00,AED,INR,22.677536,2026-03-01 10:00:00
2026-02-18 12:00:00,SGD,INR,61.992201,2026-03-01 10:00:00
2026-02-18 12:00:00,USD,AED,3.670205,2026-03-01 10:00:00
2026-02-18 12:00:00,USD,SGD,1.351477,2026-03-01 10:00:00
2026-02-18 18:00:00,USD,INR,83.059187,2026-03-01 10:00:00
2026-02-18 18:00:00,EUR,INR,90.638424,2026-03-01 10:00:00
2026-02-18 18:00:00,GBP,INR,105.683299,2026-03-01 10:00:00
2026-02-18 18:00:00,JPY,INR,0.559761,2026-03-01 10:00:00
2026-02-18 18:00:00,AED,INR,22.677025,2026-03-01 10:00:00
2026-02-18 18:00:00,SGD,INR,61.897399,2026-03-01 10:00:00
2026-02-18 18:00:00,USD,AED,3.673021,2026-03-01 10:00:00
2026-02-18 18:00:00,USD,SGD,1.350099,2026-03-01 10:00:00
2026-02-19 00:00:00,USD,INR,83.092675,2026-03-01 10:00:00
2026-02-19 00:00:00,EUR,INR,90.382795,2026-03-01 10:00:00
2026-02-19 00:00:00,GBP,INR,105.664508,2026-03-01 10:00:00
2026-02-19 00:00:00,JPY,INR,0.560935,2026-03-01 10:00:00
2026-02-19 00:00:00,AED,INR,22.694107,2026-03-01 10:00:00
2026-02-19 00:00:00,SGD,INR,61.906805,2026-03-01 10:00:00
2026-02-19 00:00:00,USD,AED,3.669098,2026-03-01 10:00:00
2026-02-19 00:00:00,USD,SGD,1.349632,2026-03-01 10:00:00
2026-02-19 06:00:00,USD,INR,82.975619,2026-03-01 10:00:00
2026-02-19 06:00:00,EUR,INR,90.495086,2026-03-01 10:00:00
2026-02-19 06:00:00,GBP,INR,105.67559,2026-03-01 10:00:00
2026-02-19 06:00:00,JPY,INR,0.56039,2026-03-01 10:00:00
2026-02-19 06:00:00,AED,INR,22.741971,2026-03-01 10:00:00
2026-02-19 06:00:00,SGD,INR,62.069847,2026-03-01 10:00:00
2026-02-19 06:00:00,USD,AED,3.669013,2026-03-01 10:00:00
2026-02-19 06:00:00,USD,SGD,1.348506,2026-03-01 10:00:00
2026-02-19 12:00:00,USD,INR,83.414104,2026-03-01 10:00:00
2026-02-19 12:00:00,EUR,INR,90.505359,2026-03-01 10:00:00
2026-02-19 12:00:00,GBP,INR,105.701472,2026-03-01 10:00:00
2026-02-19 12:00:00,JPY,INR,0.559986,2026-03-01 10:00:00
2026-02-19 12:00:00,AED,INR,22.704497,2026-03-01 10:00:00
2026-02-19 12:00:00,SGD,INR,61.99105,2026-03-01 10:00:00
2026-02-19 12:00:00,USD,AED,3.667895,2026-03-01 10:00:00
2026-02-19 12:00:00,USD,SGD,1.349262,2026-03-01 10:00:00
2026-02-19 18:00:00,USD,INR,83.197275,2026-03-01 10:00:00
2026-02-19 18:00:00,EUR,INR,90.45082,2026-03-01 10:00:00
2026-02-19 18:00:00,GBP,INR,105.624652,2026-03-01 10:00:00
2026-02-19 18:00:00,JPY,INR,0.56006,2026-03-01 10:00:00
2026-02-19 18:00:00,AED,INR,22.694212,2026-03-01 10:00:00
2026-02-19 18:00:00,SGD,INR,62.093248,2026-03-01 10:00:00
2026-02-19 18:00:00,USD,AED,3.660271,2026-03-01 10:00:00
2026-02-19 18:00:00,USD,SGD,1.351474,2026-03-01 10:00:00
2026-02-20 00:00:00,USD,INR,83.303674,2026-03-01 10:00:00
2026-02-20 00:00:00,EUR,INR,90.312358,2026-03-01 10:00:00
2026-02-20 00:00:00,GBP,INR,105.663778,2026-03-01 10:00:00
2026-02-20 00:00:00,JPY,INR,0.559792,2026-03-01 10:00:00
2026-02-20 00:00:00,AED,INR,22.668049,2026-03-01 10:00:00
2026-02-20 00:00:00,SGD,INR,61.951775,2026-03-01 10:00:00
2026-02-20 00:00:00,USD,AED,3.665924,2026-03-01 10:00:00
2026-02-20 00:00:00,USD,SGD,1.352366,2026-03-01 10:00:00
2026-02-20 06:00:00,USD,INR,83.277848,2026-03-01 10:00:00
2026-02-20 06:00:00,EUR,INR,90.615076,2026-03-01 10:00:00
2026-02-20 06:00:00,GBP,INR,105.776281,2026-03-01 10:00:00
2026-02-20 06:00:00,JPY,INR,0.559368,2026-03-01 10:00:00
2026-02-20 06:00:00,AED,INR,22.688093,2026-03-01 10:00:00
2026-02-20 06:00:00,SGD,INR,62.030341,2026-03-01 10:00:00
2026-02-20 06:00:00,USD,AED,3.665515,2026-03-01 10:00:00
2026-02-20 06:00:00,USD,SGD,1.350963,2026-03-01 10:00:00
2026-02-20 12:00:00,USD,INR,83.180005,2026-03-01 10:00:00
2026-02-20 12:00:00,EUR,INR,90.466079,2026-03-01 10:00:00
2026-02-20 12:00:00,GBP,INR,105.775148,2026-03-01 10:00:00
2026-02-20 12:00:00,JPY,INR,0.560249,2026-03-01 10:00:00
2026-02-20 12:00:00,AED,INR,22.691806,2026-03-01 10:00:00
2026-02-20 12:00:00,SGD,INR,62.071878,2026-03-01 10:00:00
2026-02-20 12:00:00,USD,AED,3.666032,2026-03-01 10:00:00
2026-02-20 12:00:00,USD,SGD,1.350832,2026-03-01 10:00:00
2026-02-20 18:00:00,USD,INR,83.249346,2026-03-01 10:00:00
2026-02-20 18:00:00,EUR,INR,90.471986,2026-03-01 10:00:00
2026-02-20 18:00:00,GBP,INR,105.734472,2026-03-01 10:00:00
2026-02-20 18:00:00,JPY,INR,0.559299,2026-03-01 10:00:00
2026-02-20 18:00:00,AED,INR,22.720975,2026-03-01 10:00:00
2026-02-20 18:00:00,SGD,INR,61.988536,2026-03-01 10:00:00
2026-02-20 18:00:00,USD,AED,3.668082,2026-03-01 10:00:00
2026-02-20 18:00:00,USD,SGD,1.351416,2026-03-01 10:00:00
2026-02-21 00:00:00,USD,INR,83.141399,2026-03-01 10:00:00
2026-02-21 00:00:00,EUR,INR,90.372534,2026-03-01 10:00:00
2026-02-21 00:00:00,GBP,INR,105.535464,2026-03-01 10:00:00
2026-02-21 00:00:00,JPY,INR,0.560339,2026-03-01 10:00:00
2026-02-21 00:00:00,AED,INR,22.670934,2026-03-01 10:00:00
2026-02-21 00:00:00,SGD,INR,62.108797,2026-03-01 10:00:00
2026-02-21 00:00:00,USD,AED,3.662359,2026-03-01 10:00:00
2026-02-21 00:00:00,USD,SGD,1.35229,2026-03-01 10:00:00
2026-02-21 06:00:00,USD,INR,83.217557,2026-03-01 10:00:00
2026-02-21 06:00:00,EUR,INR,90.491247,2026-03-01 10:00:00
2026-02-21 06:00:00,GBP,INR,105.642402,2026-03-01 10:00:00
2026-02-21 06:00:00,JPY,INR,0.560224,2026-03-01 10:00:00
2026-02-21 06:00:00,AED,INR,22.699146,2026-03-01 10:00:00
2026-02-21 06:00:00,SGD,INR,62.068405,2026-03-01 10:00:00
2026-02-21 06:00:00,USD,AED,3.670419,2026-03-01 10:00:00
2026-02-21 06:00:00,USD,SGD,1.350203,2026-03-01 10:00:00
2026-02-21 12:00:00,USD,INR,83.169747,2026-03-01 10:00:00
2026-02-21 12:00:00,EUR,INR,90.494846,2026-03-01 10:00:00
2026-02-21 12:00:00,GBP,INR,105.732535,2026-03-01 10:00:00
2026-02-21 12:00:00,JPY,INR,0.559042,2026-03-01 10:00:00
2026-02-21 12:00:00,AED,INR,22.669396,2026-03-01 10:00:00
2026-02-21 12:00:00,SGD,INR,62.046082,2026-03-01 10:00:00
2026-02-21 12:00:00,USD,AED,3.670627,2026-03-01 10:00:00
2026-02-21 12:00:00,USD,SGD,1.349752,2026-03-01 10:00:00
2026-02-21 18:00:00,USD,INR,83.201534,2026-03-01 10:00:00
2026-02-21 18:00:00,EUR,INR,90.531456,2026-03-01 10:00:00
2026-02-21 18:00:00,GBP,INR,105.642947,2026-03-01 10:00:00
2026-02-21 18:00:00,JPY,INR,0.559564,2026-03-01 10:00:00
2026-02-21 18:00:00,AED,INR,22.704446,2026-03-01 10:00:00
2026-02-21 18:00:00,SGD,INR,61.939341,2026-03-01 10:00:00
2026-02-21 18:00:00,USD,AED,3.671498,2026-03-01 10:00:00
2026-02-21 18:00:00,USD,SGD,1.347702,2026-03-01 10:00:00
2026-02-22 00:00:00,USD,INR,83.285626,2026-03-01 10:00:00
2026-02-22 00:00:00,EUR,INR,90.54277,2026-03-01 10:00:00
2026-02-22 00:00:00,GBP,INR,105.727062,2026-03-01 10:00:00
2026-02-22 00:00:00,JPY,INR,0.56055,2026-03-01 10:00:00
2026-02-22 00:00:00,AED,INR,22.737806,2026-03-01 10:00:00
2026-02-22 00:00:00,SGD,INR,62.062891,2026-03-01 10:00:00
2026-02-22 00:00:00,USD,AED,3.663244,2026-03-01 10:00:00
2026-02-22 00:00:00,USD,SGD,1.348273,2026-03-01 10:00:00
2026-02-22 06:00:00,USD,INR,83.148015,2026-03-01 10:00:00
2026-02-22 06:00:00,EUR,INR,90.502361,2026-03-01 10:00:00
2026-02-22 06:00:00,GBP,INR,105.754717,2026-03-01 10:00:00
2026-02-22 06:00:00,JPY,INR,0.559594,2026-03-01 10:00:00
2026-02-22 06:00:00,AED,INR,22.70424,2026-03-01 10:00:00
2026-02-22 06:00:00,SGD,INR,61.953166,2026-03-01 10:00:00
2026-02-22 06:00:00,USD,AED,3.667756,2026-03-01 10:00:00
2026-02-22 06:00:00,USD,SGD,1.348101,2026-03-01 10:00:00
2026-02-22 12:00:00,USD,INR,83.123187,2026-03-01 10:00:00
2026-02-22 12:00:00,EUR,INR,90.377673,2026-03-01 10:00:00
2026-02-22 12:00:00,GBP,INR,105.59685,2026-03-01 10:00:00
2026-02-22 12:00:00,JPY,INR,0.56059,2026-03-01 10:00:00
2026-02-22 12:00:00,AED,INR,22.678449,2026-03-01 10:00:00
2026-02-22 12:00:00,SGD,INR,62.163208,2026-03-01 10:00:00
2026-02-22 12:00:00,USD,AED,3.67181,2026-03-01 10:00:00
2026-02-22 12:00:00,USD,SGD,1.35025,2026-03-01 10:00:00
2026-02-22 18:00:00,USD,INR,83.128585,2026-03-01 10:00:00
2026-02-22 18:00:00,EUR,INR,90.563378,2026-03-01 10:00:00
2026-02-22 18:00:00,GBP,INR,105.639155,2026-03-01 10:00:00
2026-02-22 18:00:00,JPY,INR,0.560068,2026-03-01 10:00:00
2026-02-22 18:00:00,AED,INR,22.758114,2026-03-01 10:00:00
2026-02-22 18:00:00,SGD,INR,61.994044,2026-03-01 10:00:00
2026-02-22 18:00:00,USD,AED,3.674218,2026-03-01 10:00:00
2026-02-22 18:00:00,USD,SGD,1.349051,2026-03-01 10:00:00
2026-02-23 00:00:00,USD,INR,83.197089,2026-03-01 10:00:00
2026-02-23 00:00:00,EUR,INR,90.660257,2026-03-01 10:00:00
2026-02-23 00:00:00,GBP,INR,105.63373,2026-03-01 10:00:00
2026-02-23 00:00:00,JPY,INR,0.561015,2026-03-01 10:00:00
2026-02-23 00:00:00,AED,INR,22.716066,2026-03-01 10:00:00
2026-02-23 00:00:00,SGD,INR,61.965127,2026-03-01 10:00:00
2026-02-23 00:00:00,USD,AED,3.672321,2026-03-01 10:00:00
2026-02-23 00:00:00,USD,SGD,1.351313,2026-03-01 10:00:00
2026-02-23 06:00:00,USD,INR,83.251735,2026-03-01 10:00:00
2026-02-23 06:00:00,EUR,INR,90.357895,2026-03-01 10:00:00
2026-02-23 06:00:00,GBP,INR,105.623142,2026-03-01 10:00:00
2026-02-23 06:00:00,JPY,INR,0.559861,2026-03-01 10:00:00
2026-02-23 06:00:00,AED,INR,22.69831,2026-03-01 10:00:00
2026-02-23 06:00:00,SGD,INR,62.038482,2026-03-01 10:00:00
2026-02-23 06:00:00,USD,AED,3.670652,2026-03-01 10:00:00
2026-02-23 06:00:00,USD,SGD,1.348197,2026-03-01 10:00:00
2026-02-23 12:00:00,USD,INR,83.231632,2026-03-01 10:00:00
2026-02-23 12:00:00,EUR,INR,90.555258,2026-03-01 10:00:00
2026-02-23 12:00:00,GBP,INR,105.75917,2026-03-01 10:00:00
2026-02-23 12:00:00,JPY,INR,0.560605,2026-03-01 10:00:00
2026-02-23 12:00:00,AED,INR,22.71893,2026-03-01 10:00:00
2026-02-23 12:00:00,SGD,INR,62.028469,2026-03-01 10:00:00
2026-02-23 12:00:00,USD,AED,3.669742,2026-03-01 10:00:00
2026-02-23 12:00:00,USD,SGD,1.347758,2026-03-01 10:00:00
2026-02-23 18:00:00,USD,INR,83.235744,2026-03-01 10:00:00
2026-02-23 18:00:00,EUR,INR,90.518796,2026-03-01 10:00:00
2026-02-23 18:00:00,GBP,INR,105.728706,2026-03-01 10:00:00
2026-02-23 18:00:00,JPY,INR,0.559285,2026-03-01 10:00:00
2026-02-23 18:00:00,AED,INR,22.67546,2026-03-01 10:00:00
2026-02-23 18:00:00,SGD,INR,62.065295,2026-03-01 10:00:00
2026-02-23 18:00:00,USD,AED,3.669855,2026-03-01 10:00:00
2026-02-23 18:00:00,USD,SGD,1.35092,2026-03-01 10:00:00
2026-02-24 00:00:00,USD,INR,83.202356,2026-03-01 10:00:00
2026-02-24 00:00:00,EUR,INR,90.502693,2026-03-01 10:00:00
2026-02-24 00:00:00,GBP,INR,105.799177,2026-03-01 10:00:00
2026-02-24 00:00:00,JPY,INR,0.559711,2026-03-01 10:00:00
2026-02-24 00:00:00,AED,INR,22.702182,2026-03-01 10:00:00
2026-02-24 00:00:00,SGD,INR,61.971339,2026-03-01 10:00:00
2026-02-24 00:00:00,USD,AED,3.668405,2026-03-01 10:00:00
2026-02-24 00:00:00,USD,SGD,1.349583,2026-03-01 10:00:00
2026-02-24 06:00:00,USD,INR,83.218482,2026-03-01 10:00:00
2026-02-24 06:00:00,EUR,INR,90.456673,2026-03-01 10:00:00
2026-02-24 06:00:00,GBP,INR,105.832733,2026-03-01 10:00:00
2026-02-24 06:00:00,JPY,INR,0.559499,2026-03-01 10:00:00
2026-02-24 06:00:00,AED,INR,22.695758,2026-03-01 10:00:00
2026-02-24 06:00:00,SGD,INR,61.972737,2026-03-01 10:00:00
2026-02-24 06:00:00,USD,AED,3.67531,2026-03-01 10:00:00
2026-02-24 06:00:00,USD,SGD,1.350265,2026-03-01 10:00:00
2026-02-24 12:00:00,USD,INR,83.285849,2026-03-01 10:00:00
2026-02-24 12:00:00,EUR,INR,90.365557,2026-03-01 10:00:00
2026-02-24 12:00:00,GBP,INR,105.728227,2026-03-01 10:00:00
2026-02-24 12:00:00,JPY,INR,0.560498,2026-03-01 10:00:00
2026-02-24 12:00:00,AED,INR,22.701868,2026-03-01 10:00:00
2026-02-24 12:00:00,SGD,INR,62.06606,2026-03-01 10:00:00
2026-02-24 12:00:00,USD,AED,3.668102,2026-03-01 10:00:00
2026-02-24 12:00:00,USD,SGD,1.351903,2026-03-01 10:00:00
2026-02-24 18:00:00,USD,INR,83.391268,2026-03-01 10:00:00
2026-02-24 18:00:00,EUR,INR,90.467163,2026-03-01 10:00:00
2026-02-24 18:00:00,GBP,INR,105.65291,2026-03-01 10:00:00
2026-02-24 18:00:00,JPY,INR,0.560814,2026-03-01 10:00:00
2026-02-24 18:00:00,AED,INR,22.735856,2026-03-01 10:00:00
2026-02-24 18:00:00,SGD,INR,61.967583,2026-03-01 10:00:00
2026-02-24 18:00:00,USD,AED,3.668458,2026-03-01 10:00:00
2026-02-24 18:00:00,USD,SGD,1.34962,2026-03-01 10:00:00
2026-02-25 00:00:00,USD,INR,83.088142,2026-03-01 10:00:00
2026-02-25 00:00:00,EUR,INR,90.416862,2026-03-01 10:00:00
2026-02-25 00:00:00,GBP,INR,105.593862,2026-03-01 10:00:00
2026-02-25 00:00:00,JPY,INR,0.55957,2026-03-01 10:00:00
2026-02-25 00:00:00,AED,INR,22.699213,2026-03-01 10:00:00
2026-02-25 00:00:00,SGD,INR,62.014521,2026-03-01 10:00:00
2026-02-25 00:00:00,USD,AED,3.67569,2026-03-01 10:00:00
2026-02-25 00:00:00,USD,SGD,1.348652,2026-03-01 10:00:00
2026-02-25 06:00:00,USD,INR,83.281896,2026-03-01 10:00:00
2026-02-25 06:00:00,EUR,INR,90.480634,2026-03-01 10:00:00
2026-02-25 06:00:00,GBP,INR,105.694772,2026-03-01 10:00:00
2026-02-25 06:00:00,JPY,INR,0.560378,2026-03-01 10:00:00
2026-02-25 06:00:00,AED,INR,22.674514,2026-03-01 10:00:00
2026-02-25 06:00:00,SGD,INR,62.023709,2026-03-01 10:00:00
2026-02-25 06:00:00,USD,AED,3.670611,2026-03-01 10:00:00
2026-02-25 06:00:00,USD,SGD,1.350665,2026-03-01 10:00:00
2026-02-25 12:00:00,USD,INR,83.224059,2026-03-01 10:00:00
2026-02-25 12:00:00,EUR,INR,90.722205,2026-03-01 10:00:00
2026-02-25 12:00:00,GBP,INR,105.632591,2026-03-01 10:00:00
2026-02-25 12:00:00,JPY,INR,0.559703,2026-03-01 10:00:00
2026-02-25 12:00:00,AED,INR,22.685855,2026-03-01 10:00:00
2026-02-25 12:00:00,SGD,INR,61.96556,2026-03-01 10:00:00
2026-02-25 12:00:00,USD,AED,3.667661,2026-03-01 10:00:00
2026-02-25 12:00:00,USD,SGD,1.351605,2026-03-01 10:00:00
2026-02-25 18:00:00,USD,INR,83.318186,2026-03-01 10:00:00
2026-02-25 18:00:00,EUR,INR,90.448347,2026-03-01 10:00:00
2026-02-25 18:00:00,GBP,INR,105.61202,2026-03-01 10:00:00
2026-02-25 18:00:00,JPY,INR,0.560264,2026-03-01 10:00:00
2026-02-25 18:00:00,AED,INR,22.687465,2026-03-01 10:00:00
2026-02-25 18:00:00,SGD,INR,62.039242,2026-03-01 10:00:00
2026-02-25 18:00:00,USD,AED,3.670745,2026-03-01 10:00:00
2026-02-25 18:00:00,USD,SGD,1.347954,2026-03-01 10:00:00
2026-02-26 00:00:00,USD,INR,83.328752,2026-03-01 10:00:00
2026-02-26 00:00:00,EUR,INR,90.662527,2026-03-01 10:00:00
2026-02-26 00:00:00,GBP,INR,105.635228,2026-03-01 10:00:00
2026-02-26 00:00:00,JPY,INR,0.559783,2026-03-01 10:00:00
2026-02-26 00:00:00,AED,INR,22.706489,2026-03-01 10:00:00
2026-02-26 00:00:00,SGD,INR,62.020736,2026-03-01 10:00:00
2026-02-26 00:00:00,USD,AED,3.672417,2026-03-01 10:00:00
2026-02-26 00:00:00,USD,SGD,1.352714,2026-03-01 10:00:00
2026-02-26 06:00:00,USD,INR,83.185278,2026-03-01 10:00:00
2026-02-26 06:00:00,EUR,INR,90.427754,2026-03-01 10:00:00
2026-02-26 06:00:00,GBP,INR,105.554206,2026-03-01 10:00:00
2026-02-26 06:00:00,JPY,INR,0.559591,2026-03-01 10:00:00
2026-02-26 06:00:00,AED,INR,22.699248,2026-03-01 10:00:00
2026-02-26 06:00:00,SGD,INR,62.111263,2026-03-01 10:00:00
2026-02-26 06:00:00,USD,AED,3.6681,2026-03-01 10:00:00
2026-02-26 06:00:00,USD,SGD,1.350302,2026-03-01 10:00:00
2026-02-26 12:00:00,USD,INR,83.198634,2026-03-01 10:00:00
2026-02-26 12:00:00,EUR,INR,90.60755,2026-03-01 10:00:00
2026-02-26 12:00:00,GBP,INR,105.967097,2026-03-01 10:00:00
2026-02-26 12:00:00,JPY,INR,0.559703,2026-03-01 10:00:00
2026-02-26 12:00:00,AED,INR,22.68889,2026-03-01 10:00:00
2026-02-26 12:00:00,SGD,INR,62.064738,2026-03-01 10:00:00
2026-02-26 12:00:00,USD,AED,3.672503,2026-03-01 10:00:00
2026-02-26 12:00:00,USD,SGD,1.352493,2026-03-01 10:00:00
2026-02-26 18:00:00,USD,INR,83.248583,2026-03-01 10:00:00
2026-02-26 18:00:00,EUR,INR,90.467484,2026-03-01 10:00:00
2026-02-26 18:00:00,GBP,INR,105.762432,2026-03-01 10:00:00
2026-02-26 18:00:00,JPY,INR,0.560621,2026-03-01 10:00:00
2026-02-26 18:00:00,AED,INR,22.718625,2026-03-01 10:00:00
2026-02-26 18:00:00,SGD,INR,62.031451,2026-03-01 10:00:00
2026-02-26 18:00:00,USD,AED,3.673915,2026-03-01 10:00:00
2026-02-26 18:00:00,USD,SGD,1.351579,2026-03-01 10:00:00
2026-02-27 00:00:00,USD,INR,83.314996,2026-03-01 10:00:00
2026-02-27 00:00:00,EUR,INR,90.558708,2026-03-01 10:00:00
2026-02-27 00:00:00,GBP,INR,105.682336,2026-03-01 10:00:00
2026-02-27 00:00:00,JPY,INR,0.560082,2026-03-01 10:00:00
2026-02-27 00:00:00,AED,INR,22.727388,2026-03-01 10:00:00
2026-02-27 00:00:00,SGD,INR,61.94935,2026-03-01 10:00:00
2026-02-27 00:00:00,USD,AED,3.671353,2026-03-01 10:00:00
2026-02-27 00:00:00,USD,SGD,1.349469,2026-03-01 10:00:00
2026-02-27 06:00:00,USD,INR,83.202392,2026-03-01 10:00:00
2026-02-27 06:00:00,EUR,INR,90.6157,2026-03-01 10:00:00
2026-02-27 06:00:00,GBP,INR,105.720199,2026-03-01 10:00:00
2026-02-27 06:00:00,JPY,INR,0.560026,2026-03-01 10:00:00
2026-02-27 06:00:00,AED,INR,22.669131,2026-03-01 10:00:00
2026-02-27 06:00:00,SGD,INR,62.046268,2026-03-01 10:00:00
2026-02-27 06:00:00,USD,AED,3.672369,2026-03-01 10:00:00
2026-02-27 06:00:00,USD,SGD,1.35292,2026-03-01 10:00:00
2026-02-27 12:00:00,USD,INR,83.174393,2026-03-01 10:00:00
2026-02-27 12:00:00,EUR,INR,90.519833,2026-03-01 10:00:00
2026-02-27 12:00:00,GBP,INR,105.72636,2026-03-01 10:00:00
2026-02-27 12:00:00,JPY,INR,0.560883,2026-03-01 10:00:00
2026-02-27 12:00:00,AED,INR,22.697837,2026-03-01 10:00:00
2026-02-27 12:00:00,SGD,INR,62.017299,2026-03-01 10:00:00
2026-02-27 12:00:00,USD,AED,3.672231,2026-03-01 10:00:00
2026-02-27 12:00:00,USD,SGD,1.350252,2026-03-01 10:00:00
2026-02-27 18:00:00,USD,INR,83.162857,2026-03-01 10:00:00
2026-02-27 18:00:00,EUR,INR,90.517565,2026-03-01 10:00:00
2026-02-27 18:00:00,GBP,INR,105.813483,2026-03-01 10:00:00
2026-02-27 18:00:00,JPY,INR,0.559425,2026-03-01 10:00:00
2026-02-27 18:00:00,AED,INR,22.703018,2026-03-01 10:00:00
2026-02-27 18:00:00,SGD,INR,61.956593,2026-03-01 10:00:00
2026-02-27 18:00:00,USD,AED,3.674386,2026-03-01 10:00:00
2026-02-27 18:00:00,USD,SGD,1.347944,2026-03-01 10:00:00
2026-02-28 00:00:00,USD,INR,83.153498,2026-03-01 10:00:00
2026-02-28 00:00:00,EUR,INR,90.534138,2026-03-01 10:00:00
2026-02-28 00:00:00,GBP,INR,105.865476,2026-03-01 10:00:00
2026-02-28 00:00:00,JPY,INR,0.559963,2026-03-01 10:00:00
2026-02-28 00:00:00,AED,INR,22.687397,2026-03-01 10:00:00
2026-02-28 00:00:00,SGD,INR,62.116632,2026-03-01 10:00:00
2026-02-28 00:00:00,USD,AED,3.664686,2026-03-01 10:00:00
2026-02-28 00:00:00,USD,SGD,1.347032,2026-03-01 10:00:00
