customer_id,first_name,last_name,dob,nationality,risk_rating,kyc_status,created_at,updated_at,ingestion_timestamp
CUST1000,Priya,Iyer,1977-01-24,US,LOW,VERIFIED,2026-02-22 20:53:07,2026-01-23 22:48:14,2026-03-01 10:00:00
CUST1001,Rohan,Jain,1987-04-08,AE,HIGH,VERIFIED,2026-02-09 18:52:11,2026-01-17 03:31:58,2026-03-01 10:00:00
CUST1002,Sai,Nair,1978-12-04,AE,MEDIUM,VERIFIED,2025-12-06 06:13:40,2026-02-09 11:00:48,2026-03-01 10:00:00
CUST1003,Sanya,Joshi,1975-10-14,US,LOW,PENDING,2026-02-04 09:03:11,2026-02-17 03:37:33,2026-03-01 10:00:00
CUST1004,Meera,Chopra,1972-01-03,AU,LOW,VERIFIED,2026-02-02 10:39:41,2026-02-16 17:38:47,2026-03-01 10:00:00
CUST1005,Aditya,Sharma,1983-04-17,IN,LOW,VERIFIED,2026-02-01 17:42:28,2026-01-21 18:04:02,2026-03-01 10:00:00
CUST1006,Vihaan,Saxena,1971-09-07,TH,LOW,VERIFIED,2025-12-10 13:19:48,2026-02-08 22:29:29,2026-03-01 10:00:00
CUST1007,Arjun,Mehta,1996-04-15,JP,MEDIUM,VERIFIED,2025-12-06 21:14:15,2026-01-06 16:37:49,2026-03-01 10:00:00
CUST1008,Sai,Malhotra,1987-01-25,AE,LOW,VERIFIED,2026-01-09 02:10:32,2026-01-16 23:37:56,2026-03-01 10:00:00
CUST1009,Ishaan,Sharma,1980-12-14,TH,MEDIUM,VERIFIED,2026-02-09 16:51:38,2026-02-06 19:04:16,2026-03-01 10:00:00
CUST1010,Nikhil,Singh,1991-05-05,AE,LOW,REJECTED,2026-01-02 22:37:56,2026-01-01 05:01:20,2026-03-01 10:00:00
CUST1011,Tara,Jain,1983-06-04,IN,HIGH,VERIFIED,2026-02-16 17:30:56,2026-02-07 21:44:55,2026-03-01 10:00:00
CUST1012,Aditya,Das,1975-07-04,US,MEDIUM,PENDING,2026-02-22 15:50:33,2026-01-26 17:58:04,2026-03-01 10:00:00
CUST1013,Rahul,Khan,1992-06-20,IN,LOW,PENDING,2025-12-11 14:36:55,2026-02-14 04:14:46,2026-03-01 10:00:00
CUST1014,Rahul,Verma,1986-01-24,AE,LOW,VERIFIED,2025-12-25 03:24:40,2026-01-28 16:40:43,2026-03-01 10:00:00
CUST1015,Tara,Khan,1999-09-04,US,LOW,PENDING,2025-12-19 14:26:14,2026-02-11 01:40:43,2026-03-01 10:00:00
CUST1016,Aditi,Tripathi,1994-02-18,IN,LOW,VERIFIED,2025-12-19 11:13:07,2026-02-23 23:02:02,2026-03-01 10:00:00
CUST1017,Sanya,Gupta,1988-11-20,AU,LOW,VERIFIED,2026-01-22 01:38:10,2026-02-17 06:01:35,2026-03-01 10:00:00
CUST1018,Neha,Gupta,1993-10-07,US,LOW,VERIFIED,2026-01-13 13:20:43,2026-01-16 00:42:09,2026-03-01 10:00:00
CUST1019,Kabir,Malhotra,1974-01-22,JP,LOW,VERIFIED,2025-12-14 14:38:54,2026-01-19 10:29:38,2026-03-01 10:00:00
CUST1020,Aarav,Gupta,1984-05-03,AE,LOW,VERIFIED,2026-01-10 23:03:19,2026-01-29 19:22:45,2026-03-01 10:00:00
CUST1021,Arjun,Joshi,1984-02-13,SG,LOW,VERIFIED,2025-12-18 19:33:29,2026-01-22 03:16:47,2026-03-01 10:00:00
CUST1022,Kabir,Iyer,1987-08-21,CH,LOW,PENDING,2025-12-28 01:03:26,2026-01-06 16:16:33,2026-03-01 10:00:00
CUST1023,Neha,Iyer,1993-03-12,AE,LOW,VERIFIED,2026-01-14 22:00:05,2026-02-26 05:35:16,2026-03-01 10:00:00
CUST1024,Isha,Malhotra,1992-04-22,JP,LOW,VERIFIED,2025-12-25 06:05:28,2026-02-22 15:24:23,2026-03-01 10:00:00
CUST1025,Arjun,Joshi,1987-12-22,GB,MEDIUM,VERIFIED,2026-02-23 21:41:59,2026-01-06 22:02:29,2026-03-01 10:00:00
CUST1026,Ananya,Nair,1974-10-21,TH,LOW,VERIFIED,2026-02-28 15:21:53,2026-01-31 10:45:07,2026-03-01 10:00:00
CUST1027,Nikhil,Roy,1980-09-24,TH,LOW,PENDING,2025-12-08 07:39:34,2026-01-06 13:12:17,2026-03-01 10:00:00
CUST1028,Ishaan,Chopra,1985-03-15,CH,LOW,VERIFIED,2026-01-13 00:34:10,2026-01-05 20:50:24,2026-03-01 10:00:00
CUST1029,Aditi,Saxena,1994-05-21,AE,LOW,REJECTED,2026-02-17 10:49:41,2026-02-26 17:13:56,2026-03-01 10:00:00
CUST1030,Aarav,Reddy,1984-11-11,CH,LOW,VERIFIED,2026-02-22 15:05:19,2026-02-16 06:59:51,2026-03-01 10:00:00
CUST1031,Neha,Patel,1973-04-27,CA,LOW,VERIFIED,2026-02-22 02:32:50,2026-02-18 19:43:34,2026-03-01 10:00:00
CUST1032,Sanya,Joshi,1972-06-13,AE,LOW,VERIFIED,2026-01-23 10:21:03,2026-02-21 13:36:48,2026-03-01 10:00:00
CUST1033,Ishaan,Patel,1987-02-07,US,MEDIUM,PENDING,2025-12-10 12:08:37,2026-01-16 06:50:41,2026-03-01 10:00:00
CUST1034,Sanya,Das,1990-04-21,US,HIGH,VERIFIED,2025-12-05 21:52:45,2026-01-06 12:32:20,2026-03-01 10:00:00
CUST1035,Arjun,Bose,2001-07-21,CA,MEDIUM,VERIFIED,2026-02-02 07:36:27,2026-02-19 07:19:34,2026-03-01 10:00:00
CUST1036,Ananya,Jain,1999-03-09,AU,LOW,VERIFIED,2026-01-22 11:39:40,2026-01-08 18:40:23,2026-03-01 10:00:00
CUST1037,Sanya,Kapoor,1978-04-24,CA,LOW,VERIFIED,2026-02-20 04:05:07,2026-01-19 01:00:12,2026-03-01 10:00:00
CUST1038,Tara,Chopra,1986-12-19,CA,LOW,VERIFIED,2025-12-02 10:23:17,2026-01-07 15:39:58,2026-03-01 10:00:00
CUST1039,Kunal,Kapoor,1997-10-13,CH,LOW,VERIFIED,2025-12-10 01:19:04,2026-02-27 18:31:56,2026-03-01 10:00:00
