branch_id,currency_code,stock_date,opening_balance,closing_balance,inflow_amount,outflow_amount,ingestion_timestamp
BR100,USD,2026-02-01,20518.35,16601.15,0.0,3875.08,2026-03-01 10:00:00
BR100,EUR,2026-02-01,28528.33,29084.48,485.97,0.0,2026-03-01 10:00:00
BR100,GBP,2026-02-01,31620.46,30828.78,0.0,730.67,2026-03-01 10:00:00
BR100,AED,2026-02-01,5376.92,5394.43,0.0,0.0,2026-03-01 10:00:00
BR100,SGD,2026-02-01,9105.22,12253.52,4975.6,1822.12,2026-03-01 10:00:00
BR100,JPY,2026-02-01,15890.62,0.0,0.0,499127.17,2026-03-01 10:00:00
BR101,USD,2026-02-01,8591.43,8603.09,0.0,0.0,2026-03-01 10:00:00
BR101,EUR,2026-02-01,26999.1,25337.8,0.0,1653.9,2026-03-01 10:00:00
BR101,GBP,2026-02-01,21488.83,21466.5,0.0,0.0,2026-03-01 10:00:00
BR101,AED,2026-02-01,28114.75,28095.58,0.0,0.0,2026-03-01 10:00:00
BR101,SGD,2026-02-01,15458.78,13682.77,0.0,1789.25,2026-03-01 10:00:00
BR101,JPY,2026-02-01,9370.26,0.0,0.0,179312.71,2026-03-01 10:00:00
BR102,USD,2026-02-01,31001.91,30209.2,0.0,755.89,2026-03-01 10:00:00
BR102,EUR,2026-02-01,20902.86,20895.94,0.0,0.0,2026-03-01 10:00:00
BR102,GBP,2026-02-01,7464.1,7465.27,0.0,0.0,2026-03-01 10:00:00
BR102,AED,2026-02-01,39264.75,27865.43,0.0,11232.16,2026-03-01 10:00:00
BR102,SGD,2026-02-01,36867.72,34169.03,0.0,2732.47,2026-03-01 10:00:00
BR102,JPY,2026-02-01,16948.2,16914.99,0.0,0.0,2026-03-01 10:00:00
BR103,USD,2026-02-01,14523.6,12041.29,0.0,2448.81,2026-03-01 10:00:00
BR103,EUR,2026-02-01,39578.58,38931.11,0.0,513.9,2026-03-01 10:00:00
BR103,GBP,2026-02-01,18352.56,18286.71,0.0,0.0,2026-03-01 10:00:00
BR103,AED,2026-02-01,36189.09,36608.91,517.93,0.0,2026-03-01 10:00:00
BR103,SGD,2026-02-01,8949.32,8936.62,0.0,0.0,2026-03-01 10:00:00
BR103,JPY,2026-02-01,21328.4,21411.72,0.0,0.0,2026-03-01 10:00:00
BR104,USD,2026-02-01,25474.25,25447.46,0.0,0.0,2026-03-01 10:00:00
BR104,EUR,2026-02-01,35668.48,36361.12,679.96,0.0,2026-03-01 10:00:00
BR104,GBP,2026-02-01,29200.29,29223.68,0.0,0.0,2026-03-01 10:00:00
BR104,AED,2026-02-01,32805.95,32138.03,0.0,676.52,2026-03-01 10:00:00
BR104,SGD,2026-02-01,31546.08,27168.93,0.0,4372.27,2026-03-01 10:00:00
BR104,JPY,2026-02-01,12862.17,12831.42,0.0,0.0,2026-03-01 10:00:00
BR105,USD,2026-02-01,8606.76,8631.73,0.0,0.0,2026-03-01 10:00:00
BR105,EUR,2026-02-01,39916.19,40060.46,0.0,0.0,2026-03-01 10:00:00
BR105,GBP,2026-02-01,26116.06,25313.07,0.0,715.1,2026-03-01 10:00:00
BR105,AED,2026-02-01,25966.64,25913.46,0.0,0.0,2026-03-01 10:00:00
BR105,SGD,2026-02-01,17689.23,17679.33,0.0,0.0,2026-03-01 10:00:00
BR105,JPY,2026-02-01,35427.65,0.0,0.0,219768.15,2026-03-01 10:00:00
BR106,USD,2026-02-01,28271.87,28300.48,0.0,0.0,2026-03-01 10:00:00
BR106,EUR,2026-02-01,34284.82,35284.86,1049.98,0.0,2026-03-01 10:00:00
BR106,GBP,2026-02-01,38713.55,38881.19,0.0,0.0,2026-03-01 10:00:00
BR106,AED,2026-02-01,19758.59,17819.0,0.0,1986.64,2026-03-01 10:00:00
BR106,SGD,2026-02-01,27332.1,27343.72,0.0,0.0,2026-03-01 10:00:00
BR106,JPY,2026-02-01,35280.85,35353.32,0.0,0.0,2026-03-01 10:00:00
BR107,USD,2026-02-01,14807.12,13727.56,0.0,1112.32,2026-03-01 10:00:00
BR107,EUR,2026-02-01,30341.83,30307.61,0.0,0.0,2026-03-01 10:00:00
BR107,GBP,2026-02-01,14655.3,12865.63,0.0,1765.74,2026-03-01 10:00:00
BR107,AED,2026-02-01,13808.48,9560.36,0.0,4250.28,2026-03-01 10:00:00
BR107,SGD,2026-02-01,22773.82,21421.69,0.0,1391.38,2026-03-01 10:00:00
BR107,JPY,2026-02-01,19687.59,19693.06,0.0,0.0,2026-03-01 10:00:00
BR100,USD,2026-02-02,16601.15,16548.79,0.0,0.0,2026-03-01 10:00:00
BR100,EUR,2026-02-02,29084.48,29037.78,0.0,0.0,2026-03-01 10:00:00
BR100,GBP,2026-02-02,30828.78,30824.22,0.0,0.0,2026-03-01 10:00:00
BR100,AED,2026-02-02,5394.43,5393.61,0.0,0.0,2026-03-01 10:00:00
BR100,SGD,2026-02-02,12253.52,12301.86,0.0,0.0,2026-03-01 10:00:00
BR100,JPY,2026-02-02,0.0,0.0,0.0,0.0,2026-03-01 10:00:00
BR101,USD,2026-02-02,8603.09,9573.79,962.0,0.0,2026-03-01 10:00:00
BR101,EUR,2026-02-02,25337.8,23851.34,757.13,2319.05,2026-03-01 10:00:00
BR101,GBP,2026-02-02,21466.5,21564.02,0.0,0.0,2026-03-01 10:00:00
BR101,AED,2026-02-02,28095.58,26399.46,538.12,2211.52,2026-03-01 10:00:00
BR101,SGD,2026-02-02,13682.77,15482.31,4743.68,2957.59,2026-03-01 10:00:00
BR101,JPY,2026-02-02,0.0,0.0,0.0,0.0,2026-03-01 10:00:00
BR102,USD,2026-02-02,30209.2,30221.01,0.0,0.0,2026-03-01 10:00:00
BR102,EUR,2026-02-02,20895.94,20891.8,0.0,0.0,2026-03-01 10:00:00
BR102,GBP,2026-02-02,7465.27,8069.34,597.56,0.0,2026-03-01 10:00:00
BR102,AED,2026-02-02,27865.43,18697.2,0.0,9027.1,2026-03-01 10:00:00
BR102,SGD,2026-02-02,34169.03,34215.64,0.0,0.0,2026-03-01 10:00:00
BR102,JPY,2026-02-02,16914.99,16919.26,0.0,0.0,2026-03-01 10:00:00
BR103,USD,2026-02-02,12041.29,14009.72,1973.79,0.0,2026-03-01 10:00:00
BR103,EUR,2026-02-02,38931.11,39090.49,0.0,0.0,2026-03-01 10:00:00
BR103,GBP,2026-02-02,18286.71,18262.03,0.0,0.0,2026-03-01 10:00:00
BR103,AED,2026-02-02,36608.91,36579.4,0.0,0.0,2026-03-01 10:00:00
BR103,SGD,2026-02-02,8936.62,6658.12,0.0,2314.1,2026-03-01 10:00:00
BR103,JPY,2026-02-02,21411.72,21376.09,0.0,0.0,2026-03-01 10:00:00
BR104,USD,2026-02-02,25447.46,22549.95,0.0,2869.51,2026-03-01 10:00:00
BR104,EUR,2026-02-02,36361.12,36350.43,0.0,0.0,2026-03-01 10:00:00
BR104,GBP,2026-02-02,29223.68,30693.4,1420.58,0.0,2026-03-01 10:00:00
BR104,AED,2026-02-02,32138.03,32151.38,0.0,0.0,2026-03-01 10:00:00
BR104,SGD,2026-02-02,27168.93,27098.69,0.0,0.0,2026-03-01 10:00:00
BR104,JPY,2026-02-02,12831.42,0.0,0.0,288076.33,2026-03-01 10:00:00
BR105,USD,2026-02-02,8631.73,6790.09,0.0,1831.16,2026-03-01 10:00:00
BR105,EUR,2026-02-02,40060.46,40054.27,0.0,0.0,2026-03-01 10:00:00
BR105,GBP,2026-02-02,25313.07,25334.63,0.0,0.0,2026-03-01 10:00:00
BR105,AED,2026-02-02,25913.46,15731.81,0.0,10203.33,2026-03-01 10:00:00
BR105,SGD,2026-02-02,17679.33,15149.94,0.0,2466.59,2026-03-01 10:00:00
BR105,JPY,2026-02-02,0.0,3359.2,3359.2,0.0,2026-03-01 10:00:00
BR106,USD,2026-02-02,28300.48,28314.78,0.0,0.0,2026-03-01 10:00:00
BR106,EUR,2026-02-02,35284.86,35003.8,0.0,378.77,2026-03-01 10:00:00
BR106,GBP,2026-02-02,38881.19,38915.73,0.0,0.0,2026-03-01 10:00:00
BR106,AED,2026-02-02,17819.0,17858.25,0.0,0.0,2026-03-01 10:00:00
BR106,SGD,2026-02-02,27343.72,27369.23,0.0,0.0,2026-03-01 10:00:00
BR106,JPY,2026-02-02,35353.32,39713.8,4265.29,0.0,2026-03-01 10:00:00
BR107,USD,2026-02-02,13727.56,13741.89,0.0,0.0,2026-03-01 10:00:00
BR107,EUR,2026-02-02,30307.61,30301.68,0.0,0.0,2026-03-01 10:00:00
BR107,GBP,2026-02-02,12865.63,12924.11,0.0,0.0,2026-03-01 10:00:00
BR107,AED,2026-02-02,9560.36,9577.36,0.0,0.0,2026-03-01 10:00:00
BR107,SGD,2026-02-02,21421.69,20555.14,0.0,891.13,2026-03-01 10:00:00
BR107,JPY,2026-02-02,19693.06,19642.79,0.0,0.0,2026-03-01 10:00:00
BR100,USD,2026-02-03,16548.79,16506.15,0.0,0.0,2026-03-01 10:00:00
BR100,EUR,2026-02-03,29037.78,29054.78,0.0,0.0,2026-03-01 10:00:00
BR100,GBP,2026-02-03,30824.22,30833.19,0.0,0.0,2026-03-01 10:00:00
BR100,AED,2026-02-03,5393.61,5386.99,0.0,0.0,2026-03-01 10:00:00
BR100,SGD,2026-02-03,12301.86,12305.33,0.0,0.0,2026-03-01 10:00:00
BR100,JPY,2026-02-03,0.0,0.0,0.0,0.0,2026-03-01 10:00:00
BR101,USD,2026-02-03,9573.79,9587.11,0.0,0.0,2026-03-01 10:00:00
BR101,EUR,2026-02-03,23851.34,23796.92,0.0,0.0,2026-03-01 10:00:00
BR101,GBP,2026-02-03,21564.02,21559.22,0.0,0.0,2026-03-01 10:00:00
BR101,AED,2026-02-03,26399.46,16935.08,0.0,9421.88,2026-03-01 10:00:00
BR101,SGD,2026-02-03,15482.31,15470.3,0.0,0.0,2026-03-01 10:00:00
BR101,JPY,2026-02-03,0.0,0.0,0.0,0.0,2026-03-01 10:00:00
BR102,USD,2026-02-03,30221.01,30192.14,0.0,0.0,2026-03-01 10:00:00
BR102,EUR,2026-02-03,20891.8,20839.36,0.0,0.0,2026-03-01 10:00:00
BR102,GBP,2026-02-03,8069.34,7295.34,0.0,771.94,2026-03-01 10:00:00
BR102,AED,2026-02-03,18697.2,20458.55,3393.56,1611.25,2026-03-01 10:00:00
BR102,SGD,2026-02-03,34215.64,34015.17,0.0,0.0,2026-03-01 10:00:00
BR102,JPY,2026-02-03,16919.26,16988.73,0.0,0.0,2026-03-01 10:00:00
BR103,USD,2026-02-03,14009.72,17496.49,3456.26,0.0,2026-03-01 10:00:00
BR103,EUR,2026-02-03,39090.49,39061.07,0.0,0.0,2026-03-01 10:00:00
BR103,GBP,2026-02-03,18262.03,18262.72,0.0,0.0,2026-03-01 10:00:00
BR103,AED,2026-02-03,36579.4,34158.25,0.0,2335.43,2026-03-01 10:00:00
BR103,SGD,2026-02-03,6658.12,4120.37,0.0,2560.33,2026-03-01 10:00:00
BR103,JPY,2026-02-03,21376.09,0.0,0.0,142596.51,2026-03-01 10:00:00
BR104,USD,2026-02-03,22549.95,22557.02,0.0,0.0,2026-03-01 10:00:00
BR104,EUR,2026-02-03,36350.43,36424.84,0.0,0.0,2026-03-01 10:00:00
BR104,GBP,2026-02-03,30693.4,28372.18,0.0,2331.98,2026-03-01 10:00:00
BR104,AED,2026-02-03,32151.38,29050.71,0.0,3014.72,2026-03-01 10:00:00
BR104,SGD,2026-02-03,27098.69,27076.37,0.0,0.0,2026-03-01 10:00:00
BR104,JPY,2026-02-03,0.0,0.0,0.0,154532.66,2026-03-01 10:00:00
BR105,USD,2026-02-03,6790.09,6783.91,0.0,0.0,2026-03-01 10:00:00
BR105,EUR,2026-02-03,40054.27,39595.31,0.0,441.45,2026-03-01 10:00:00
BR105,GBP,2026-02-03,25334.63,25330.0,0.0,0.0,2026-03-01 10:00:00
BR105,AED,2026-02-03,15731.81,7775.27,0.0,7953.99,2026-03-01 10:00:00
BR105,SGD,2026-02-03,15149.94,15151.53,0.0,0.0,2026-03-01 10:00:00
BR105,JPY,2026-02-03,3359.2,3352.07,0.0,0.0,2026-03-01 10:00:00
BR106,USD,2026-02-03,28314.78,25519.33,0.0,2754.84,2026-03-01 10:00:00
BR106,EUR,2026-02-03,35003.8,34126.03,0.0,787.84,2026-03-01 10:00:00
BR106,GBP,2026-02-03,38915.73,37564.85,0.0,1426.99,2026-03-01 10:00:00
BR106,AED,2026-02-03,17858.25,13352.03,0.0,4431.01,2026-03-01 10:00:00
BR106,SGD,2026-02-03,27369.23,29923.98,2491.6,0.0,2026-03-01 10:00:00
BR106,JPY,2026-02-03,39713.8,39823.91,0.0,0.0,2026-03-01 10:00:00
BR107,USD,2026-02-03,13741.89,12732.85,0.0,1000.74,2026-03-01 10:00:00
BR107,EUR,2026-02-03,30301.68,30143.92,0.0,0.0,2026-03-01 10:00:00
BR107,GBP,2026-02-03,12924.11,12914.77,0.0,0.0,2026-03-01 10:00:00
BR107,AED,2026-02-03,9577.36,9576.13,0.0,0.0,2026-03-01 10:00:00
BR107,SGD,2026-02-03,20555.14,17678.8,0.0,2834.79,2026-03-01 10:00:00
BR107,JPY,2026-02-03,19642.79,0.0,0.0,373429.93,2026-03-01 10:00:00
BR100,USD,2026-02-04,16506.15,16556.66,0.0,0.0,2026-03-01 10:00:00
BR100,EUR,2026-02-04,29054.78,29093.42,0.0,0.0,2026-03-01 10:00:00
BR100,GBP,2026-02-04,30833.19,30776.18,0.0,0.0,2026-03-01 10:00:00
BR100,AED,2026-02-04,5386.99,5369.78,0.0,0.0,2026-03-01 10:00:00
BR100,SGD,2026-02-04,12305.33,12297.28,0.0,0.0,2026-03-01 10:00:00
BR100,JPY,2026-02-04,0.0,0.0,0.0,285684.52,2026-03-01 10:00:00
BR101,USD,2026-02-04,9587.11,9596.62,0.0,0.0,2026-03-01 10:00:00
BR101,EUR,2026-02-04,23796.92,23771.44,0.0,0.0,2026-03-01 10:00:00
BR101,GBP,2026-02-04,21559.22,21581.27,0.0,0.0,2026-03-01 10:00:00
BR101,AED,2026-02-04,16935.08,17000.62,0.0,0.0,2026-03-01 10:00:00
BR101,SGD,2026-02-04,15470.3,14455.05,0.0,1040.49,2026-03-01 10:00:00
BR101,JPY,2026-02-04,0.0,0.0,0.0,0.0,2026-03-01 10:00:00
BR102,USD,2026-02-04,30192.14,30181.08,0.0,0.0,2026-03-01 10:00:00
BR102,EUR,2026-02-04,20839.36,20278.65,0.0,545.85,2026-03-01 10:00:00
BR102,GBP,2026-02-04,7295.34,7312.56,0.0,0.0,2026-03-01 10:00:00
BR102,AED,2026-02-04,20458.55,20432.88,0.0,0.0,2026-03-01 10:00:00
BR102,SGD,2026-02-04,34015.17,30283.22,0.0,3735.03,2026-03-01 10:00:00
BR102,JPY,2026-02-04,16988.73,16990.47,0.0,0.0,2026-03-01 10:00:00
BR103,USD,2026-02-04,17496.49,17478.93,0.0,0.0,2026-03-01 10:00:00
BR103,EUR,2026-02-04,39061.07,36622.4,0.0,2331.45,2026-03-01 10:00:00
BR103,GBP,2026-02-04,18262.72,18274.51,0.0,0.0,2026-03-01 10:00:00
BR103,AED,2026-02-04,34158.25,34154.08,0.0,0.0,2026-03-01 10:00:00
BR103,SGD,2026-02-04,4120.37,4124.49,0.0,0.0,2026-03-01 10:00:00
BR103,JPY,2026-02-04,0.0,0.0,0.0,0.0,2026-03-01 10:00:00
BR104,USD,2026-02-04,22557.02,22612.09,0.0,0.0,2026-03-01 10:00:00
BR104,EUR,2026-02-04,36424.84,36360.97,0.0,0.0,2026-03-01 10:00:00
BR104,GBP,2026-02-04,28372.18,29031.48,3322.13,2759.98,2026-03-01 10:00:00
BR104,AED,2026-02-04,29050.71,32886.1,3936.93,0.0,2026-03-01 10:00:00
BR104,SGD,2026-02-04,27076.37,26908.84,0.0,191.07,2026-03-01 10:00:00
BR104,JPY,2026-02-04,0.0,0.0,0.0,0.0,2026-03-01 10:00:00
BR105,USD,2026-02-04,6783.91,5473.41,0.0,1299.71,2026-03-01 10:00:00
BR105,EUR,2026-02-04,39595.31,39628.91,0.0,0.0,2026-03-01 10:00:00
BR105,GBP,2026-02-04,25330.0,23227.35,0.0,2167.47,2026-03-01 10:00:00
BR105,AED,2026-02-04,7775.27,7740.8,0.0,0.0,2026-03-01 10:00:00
BR105,SGD,2026-02-04,15151.53,15166.76,0.0,0.0,2026-03-01 10:00:00
BR105,JPY,2026-02-04,3352.07,3335.36,0.0,0.0,2026-03-01 10:00:00
BR106,USD,2026-02-04,25519.33,22642.3,0.0,2827.75,2026-03-01 10:00:00
BR106,EUR,2026-02-04,34126.03,33188.96,0.0,1048.26,2026-03-01 10:00:00
BR106,GBP,2026-02-04,37564.85,37521.14,0.0,0.0,2026-03-01 10:00:00
BR106,AED,2026-02-04,13352.03,13320.69,0.0,0.0,2026-03-01 10:00:00
BR106,SGD,2026-02-04,29923.98,26638.12,0.0,3274.01,2026-03-01 10:00:00
BR106,JPY,2026-02-04,39823.91,0.0,0.0,423996.15,2026-03-01 10:00:00
BR107,USD,2026-02-04,12732.85,11618.72,0.0,1067.48,2026-03-01 10:00:00
BR107,EUR,2026-02-04,30143.92,30080.54,0.0,0.0,2026-03-01 10:00:00
BR107,GBP,2026-02-04,12914.77,12953.44,0.0,0.0,2026-03-01 10:00:00
BR107,AED,2026-02-04,9576.13,9611.71,0.0,0.0,2026-03-01 10:00:00
BR107,SGD,2026-02-04,17678.8,17675.15,0.0,0.0,2026-03-01 10:00:00
BR107,JPY,2026-02-04,0.0,0.0,0.0,0.0,2026-03-01 10:00:00
BR100,USD,2026-02-05,16556.66,16626.06,0.0,0.0,2026-03-01 10:00:00
BR100,EUR,2026-02-05,29093.42,29186.2,0.0,0.0,2026-03-01 10:00:00
BR100,GBP,2026-02-05,30776.18,30817.97,0.0,0.0,2026-03-01 10:00:00
BR100,AED,2026-02-05,5369.78,5361.05,0.0,0.0,2026-03-01 10:00:00
BR100,SGD,2026-02-05,12297.28,10682.21,0.0,1613.87,2026-03-01 10:00:00
BR100,JPY,2026-02-05,0.0,0.0,0.0,765251.56,2026-03-01 10:00:00
BR101,USD,2026-02-05,9596.62,8145.05,0.0,1457.92,2026-03-01 10:00:00
BR101,EUR,2026-02-05,23771.44,23840.42,0.0,0.0,2026-03-01 10:00:00
BR101,GBP,2026-02-05,21581.27,21619.23,0.0,0.0,2026-03-01 10:00:00
BR101,AED,2026-02-05,17000.62,16963.99,0.0,0.0,2026-03-01 10:00:00
BR101,SGD,2026-02-05,14455.05,14494.84,0.0,0.0,2026-03-01 10:00:00
BR101,JPY,2026-02-05,0.0,0.0,0.0,0.0,2026-03-01 10:00:00
BR102,USD,2026-02-05,30181.08,30222.56,0.0,0.0,2026-03-01 10:00:00
BR102,EUR,2026-02-05,20278.65,18536.56,748.06,2549.62,2026-03-01 10:00:00
BR102,GBP,2026-02-05,7312.56,7296.31,0.0,0.0,2026-03-01 10:00:00
BR102,AED,2026-02-05,20432.88,10243.35,0.0,10188.07,2026-03-01 10:00:00
BR102,SGD,2026-02-05,30283.22,30087.24,0.0,163.79,2026-03-01 10:00:00
BR102,JPY,2026-02-05,16990.47,0.0,3371.2,348447.58,2026-03-01 10:00:00
BR103,USD,2026-02-05,17478.93,17491.05,0.0,0.0,2026-03-01 10:00:00
BR103,EUR,2026-02-05,36622.4,36806.36,0.0,0.0,2026-03-01 10:00:00
BR103,GBP,2026-02-05,18274.51,18207.26,0.0,0.0,2026-03-01 10:00:00
BR103,AED,2026-02-05,34154.08,25633.21,0.0,8518.67,2026-03-01 10:00:00
BR103,SGD,2026-02-05,4124.49,4129.78,0.0,0.0,2026-03-01 10:00:00
BR103,JPY,2026-02-05,0.0,0.0,0.0,238092.51,2026-03-01 10:00:00
BR104,USD,2026-02-05,22612.09,19716.19,0.0,2890.79,2026-03-01 10:00:00
BR104,EUR,2026-02-05,36360.97,36266.49,0.0,0.0,2026-03-01 10:00:00
BR104,GBP,2026-02-05,29031.48,29044.99,0.0,0.0,2026-03-01 10:00:00
BR104,AED,2026-02-05,32886.1,32836.32,0.0,0.0,2026-03-01 10:00:00
BR104,SGD,2026-02-05,26908.84,26790.99,0.0,0.0,2026-03-01 10:00:00
BR104,JPY,2026-02-05,0.0,0.0,0.0,78639.71,2026-03-01 10:00:00
BR105,USD,2026-02-05,5473.41,5483.9,0.0,0.0,2026-03-01 10:00:00
BR105,EUR,2026-02-05,39628.91,39633.01,0.0,0.0,2026-03-01 10:00:00
BR105,GBP,2026-02-05,23227.35,21708.34,0.0,1529.65,2026-03-01 10:00:00
BR105,AED,2026-02-05,7740.8,2631.13,0.0,5126.3,2026-03-01 10:00:00
BR105,SGD,2026-02-05,15166.76,15173.56,0.0,0.0,2026-03-01 10:00:00
BR105,JPY,2026-02-05,3335.36,3341.39,0.0,0.0,2026-03-01 10:00:00
BR106,USD,2026-02-05,22642.3,20731.93,0.0,1896.89,2026-03-01 10:00:00
BR106,EUR,2026-02-05,33188.96,34764.82,1906.8,418.03,2026-03-01 10:00:00
BR106,GBP,2026-02-05,37521.14,40966.06,3566.85,146.0,2026-03-01 10:00:00
BR106,AED,2026-02-05,13320.69,13325.86,0.0,0.0,2026-03-01 10:00:00
BR106,SGD,2026-02-05,26638.12,26570.46,0.0,0.0,2026-03-01 10:00:00
BR106,JPY,2026-02-05,0.0,0.0,0.0,0.0,2026-03-01 10:00:00
BR107,USD,2026-02-05,11618.72,11599.39,0.0,0.0,2026-03-01 10:00:00
BR107,EUR,2026-02-05,30080.54,29018.73,0.0,1023.41,2026-03-01 10:00:00
BR107,GBP,2026-02-05,12953.44,10441.45,0.0,2490.87,2026-03-01 10:00:00
BR107,AED,2026-02-05,9611.71,7812.0,0.0,1779.21,2026-03-01 10:00:00
BR107,SGD,2026-02-05,17675.15,17750.26,0.0,0.0,2026-03-01 10:00:00
BR107,JPY,2026-02-05,0.0,0.0,0.0,858357.27,2026-03-01 10:00:00
BR100,USD,2026-02-06,16626.06,17207.91,517.99,0.0,2026-03-01 10:00:00
BR100,EUR,2026-02-06,29186.2,27592.07,0.0,1522.74,2026-03-01 10:00:00
BR100,GBP,2026-02-06,30817.97,28448.71,0.0,2373.65,2026-03-01 10:00:00
BR100,AED,2026-02-06,5361.05,5347.18,0.0,0.0,2026-03-01 10:00:00
BR100,SGD,2026-02-06,10682.21,10667.34,0.0,0.0,2026-03-01 10:00:00
BR100,JPY,2026-02-06,0.0,0.0,0.0,0.0,2026-03-01 10:00:00
BR101,USD,2026-02-06,8145.05,8165.25,0.0,0.0,2026-03-01 10:00:00
BR101,EUR,2026-02-06,23840.42,23821.53,0.0,0.0,2026-03-01 10:00:00
BR101,GBP,2026-02-06,21619.23,20167.0,0.0,1498.42,2026-03-01 10:00:00
BR101,AED,2026-02-06,16963.99,13024.6,0.0,3959.88,2026-03-01 10:00:00
BR101,SGD,2026-02-06,14494.84,14561.62,0.0,0.0,2026-03-01 10:00:00
BR101,JPY,2026-02-06,0.0,0.0,0.0,0.0,2026-03-01 10:00:00
BR102,USD,2026-02-06,30222.56,30298.67,0.0,0.0,2026-03-01 10:00:00
BR102,EUR,2026-02-06,18536.56,18579.07,0.0,0.0,2026-03-01 10:00:00
BR102,GBP,2026-02-06,7296.31,6283.27,0.0,998.83,2026-03-01 10:00:00
BR102,AED,2026-02-06,10243.35,10263.98,0.0,0.0,2026-03-01 10:00:00
BR102,SGD,2026-02-06,30087.24,27928.13,294.21,2473.55,2026-03-01 10:00:00
BR102,JPY,2026-02-06,0.0,0.0,0.0,0.0,2026-03-01 10:00:00
BR103,USD,2026-02-06,17491.05,17462.22,0.0,0.0,2026-03-01 10:00:00
BR103,EUR,2026-02-06,36806.36,36753.42,0.0,0.0,2026-03-01 10:00:00
BR103,GBP,2026-02-06,18207.26,16360.47,0.0,1921.43,2026-03-01 10:00:00
BR103,AED,2026-02-06,25633.21,25633.24,0.0,0.0,2026-03-01 10:00:00
BR103,SGD,2026-02-06,4129.78,4136.24,0.0,0.0,2026-03-01 10:00:00
BR103,JPY,2026-02-06,0.0,0.0,0.0,207271.67,2026-03-01 10:00:00
BR104,USD,2026-02-06,19716.19,19685.43,0.0,0.0,2026-03-01 10:00:00
BR104,EUR,2026-02-06,36266.49,34573.43,0.0,1771.54,2026-03-01 10:00:00
BR104,GBP,2026-02-06,29044.99,28966.6,0.0,0.0,2026-03-01 10:00:00
BR104,AED,2026-02-06,32836.32,32809.06,0.0,0.0,2026-03-01 10:00:00
BR104,SGD,2026-02-06,26790.99,26792.81,0.0,0.0,2026-03-01 10:00:00
BR104,JPY,2026-02-06,0.0,1756.46,1756.46,0.0,2026-03-01 10:00:00
BR105,USD,2026-02-06,5483.9,2981.8,0.0,2500.14,2026-03-01 10:00:00
BR105,EUR,2026-02-06,39633.01,36766.47,0.0,2897.91,2026-03-01 10:00:00
BR105,GBP,2026-02-06,21708.34,21182.79,0.0,555.63,2026-03-01 10:00:00
BR105,AED,2026-02-06,2631.13,0.0,0.0,6878.23,2026-03-01 10:00:00
BR105,SGD,2026-02-06,15173.56,12096.73,0.0,3046.92,2026-03-01 10:00:00
BR105,JPY,2026-02-06,3341.39,0.0,0.0,948147.76,2026-03-01 10:00:00
BR106,USD,2026-02-06,20731.93,20781.47,0.0,0.0,2026-03-01 10:00:00
BR106,EUR,2026-02-06,34764.82,34827.02,0.0,0.0,2026-03-01 10:00:00
BR106,GBP,2026-02-06,40966.06,38392.86,0.0,2460.72,2026-03-01 10:00:00
BR106,AED,2026-02-06,13325.86,7828.99,0.0,5506.23,2026-03-01 10:00:00
BR106,SGD,2026-02-06,26570.46,25219.08,0.0,1246.25,2026-03-01 10:00:00
BR106,JPY,2026-02-06,0.0,0.0,0.0,0.0,2026-03-01 10:00:00
BR107,USD,2026-02-06,11599.39,14389.17,2745.75,0.0,2026-03-01 10:00:00
BR107,EUR,2026-02-06,29018.73,27073.29,0.0,1890.42,2026-03-01 10:00:00
BR107,GBP,2026-02-06,10441.45,10424.03,0.0,0.0,2026-03-01 10:00:00
BR107,AED,2026-02-06,7812.0,4507.25,0.0,3316.69,2026-03-01 10:00:00
BR107,SGD,2026-02-06,17750.26,17695.49,0.0,0.0,2026-03-01 10:00:00
BR107,JPY,2026-02-06,0.0,0.0,0.0,0.0,2026-03-01 10:00:00
BR100,USD,2026-02-07,17207.91,17228.44,0.0,0.0,2026-03-01 10:00:00
BR100,EUR,2026-02-07,27592.07,25502.94,0.0,2054.13,2026-03-01 10:00:00
BR100,GBP,2026-02-07,28448.71,28435.28,0.0,0.0,2026-03-01 10:00:00
BR100,AED,2026-02-07,5347.18,5355.14,0.0,0.0,2026-03-01 10:00:00
BR100,SGD,2026-02-07,10667.34,10676.34,0.0,0.0,2026-03-01 10:00:00
BR100,JPY,2026-02-07,0.0,0.0,0.0,0.0,2026-03-01 10:00:00
BR101,USD,2026-02-07,8165.25,8159.71,0.0,0.0,2026-03-01 10:00:00
BR101,EUR,2026-02-07,23821.53,22427.0,0.0,1412.16,2026-03-01 10:00:00
BR101,GBP,2026-02-07,20167.0,20162.01,0.0,0.0,2026-03-01 10:00:00
BR101,AED,2026-02-07,13024.6,13036.53,0.0,0.0,2026-03-01 10:00:00
BR101,SGD,2026-02-07,14561.62,18002.07,3454.92,0.0,2026-03-01 10:00:00
BR101,JPY,2026-02-07,0.0,0.0,0.0,174753.81,2026-03-01 10:00:00
BR102,USD,2026-02-07,30298.67,30238.68,0.0,0.0,2026-03-01 10:00:00
BR102,EUR,2026-02-07,18579.07,18577.77,0.0,0.0,2026-03-01 10:00:00
BR102,GBP,2026-02-07,6283.27,6273.08,0.0,0.0,2026-03-01 10:00:00
BR102,AED,2026-02-07,10263.98,10241.11,0.0,0.0,2026-03-01 10:00:00
BR102,SGD,2026-02-07,27928.13,28466.64,524.06,0.0,2026-03-01 10:00:00
BR102,JPY,2026-02-07,0.0,0.0,0.0,118728.41,2026-03-01 10:00:00
BR103,USD,2026-02-07,17462.22,14952.56,0.0,2537.01,2026-03-01 10:00:00
BR103,EUR,2026-02-07,36753.42,36721.73,0.0,0.0,2026-03-01 10:00:00
BR103,GBP,2026-02-07,16360.47,14122.03,0.0,2251.8,2026-03-01 10:00:00
BR103,AED,2026-02-07,25633.24,21018.76,0.0,4642.72,2026-03-01 10:00:00
BR103,SGD,2026-02-07,4136.24,4139.92,0.0,0.0,2026-03-01 10:00:00
BR103,JPY,2026-02-07,0.0,0.0,0.0,383792.16,2026-03-01 10:00:00
BR104,USD,2026-02-07,19685.43,19691.32,0.0,0.0,2026-03-01 10:00:00
BR104,EUR,2026-02-07,34573.43,34598.61,0.0,0.0,2026-03-01 10:00:00
BR104,GBP,2026-02-07,28966.6,28641.41,0.0,325.6,2026-03-01 10:00:00
BR104,AED,2026-02-07,32809.06,35190.18,2518.04,0.0,2026-03-01 10:00:00
BR104,SGD,2026-02-07,26792.81,26801.41,0.0,0.0,2026-03-01 10:00:00
BR104,JPY,2026-02-07,1756.46,0.0,0.0,305608.84,2026-03-01 10:00:00
BR105,USD,2026-02-07,2981.8,1420.51,1006.35,2565.49,2026-03-01 10:00:00
BR105,EUR,2026-02-07,36766.47,34492.85,0.0,2220.09,2026-03-01 10:00:00
BR105,GBP,2026-02-07,21182.79,21198.61,0.0,0.0,2026-03-01 10:00:00
BR105,AED,2026-02-07,0.0,1320.44,2505.78,1185.34,2026-03-01 10:00:00
BR105,SGD,2026-02-07,12096.73,12125.58,0.0,0.0,2026-03-01 10:00:00
BR105,JPY,2026-02-07,0.0,0.0,0.0,0.0,2026-03-01 10:00:00
BR106,USD,2026-02-07,20781.47,18747.52,0.0,2064.35,2026-03-01 10:00:00
BR106,EUR,2026-02-07,34827.02,34696.83,230.48,401.8,2026-03-01 10:00:00
BR106,GBP,2026-02-07,38392.86,39127.56,3397.78,2652.16,2026-03-01 10:00:00
BR106,AED,2026-02-07,7828.99,7834.3,0.0,0.0,2026-03-01 10:00:00
BR106,SGD,2026-02-07,25219.08,22452.15,0.0,2818.86,2026-03-01 10:00:00
BR106,JPY,2026-02-07,0.0,731.2,731.2,0.0,2026-03-01 10:00:00
BR107,USD,2026-02-07,14389.17,14356.27,0.0,0.0,2026-03-01 10:00:00
BR107,EUR,2026-02-07,27073.29,26319.53,0.0,798.17,2026-03-01 10:00:00
BR107,GBP,2026-02-07,10424.03,9282.45,0.0,1140.23,2026-03-01 10:00:00
BR107,AED,2026-02-07,4507.25,0.0,0.0,7278.97,2026-03-01 10:00:00
BR107,SGD,2026-02-07,17695.49,17698.08,0.0,0.0,2026-03-01 10:00:00
BR107,JPY,2026-02-07,0.0,0.0,0.0,41613.13,2026-03-01 10:00:00
BR100,USD,2026-02-08,17228.44,17269.5,0.0,0.0,2026-03-01 10:00:00
BR100,EUR,2026-02-08,25502.94,25498.67,0.0,0.0,2026-03-01 10:00:00
BR100,GBP,2026-02-08,28435.28,28371.61,0.0,0.0,2026-03-01 10:00:00
BR100,AED,2026-02-08,5355.14,2097.97,0.0,3252.95,2026-03-01 10:00:00
BR100,SGD,2026-02-08,10676.34,5263.56,0.0,5416.59,2026-03-01 10:00:00
BR100,JPY,2026-02-08,0.0,0.0,0.0,0.0,2026-03-01 10:00:00
BR101,USD,2026-02-08,8159.71,8169.55,0.0,0.0,2026-03-01 10:00:00
BR101,EUR,2026-02-08,22427.0,22388.85,0.0,0.0,2026-03-01 10:00:00
BR101,GBP,2026-02-08,20162.01,17965.53,0.0,2296.7,2026-03-01 10:00:00
BR101,AED,2026-02-08,13036.53,13043.43,0.0,0.0,2026-03-01 10:00:00
BR101,SGD,2026-02-08,18002.07,18047.99,0.0,0.0,2026-03-01 10:00:00
BR101,JPY,2026-02-08,0.0,0.0,2392.41,433341.37,2026-03-01 10:00:00
BR102,USD,2026-02-08,30238.68,28642.96,0.0,1627.98,2026-03-01 10:00:00
BR102,EUR,2026-02-08,18577.77,18467.77,0.0,141.19,2026-03-01 10:00:00
BR102,GBP,2026-02-08,6273.08,5381.76,0.0,906.61,2026-03-01 10:00:00
BR102,AED,2026-02-08,10241.11,734.44,0.0,9528.33,2026-03-01 10:00:00
BR102,SGD,2026-02-08,28466.64,28516.29,0.0,0.0,2026-03-01 10:00:00
BR102,JPY,2026-02-08,0.0,0.0,0.0,0.0,2026-03-01 10:00:00
BR103,USD,2026-02-08,14952.56,13790.32,0.0,1145.14,2026-03-01 10:00:00
BR103,EUR,2026-02-08,36721.73,39105.46,2359.3,0.0,2026-03-01 10:00:00
BR103,GBP,2026-02-08,14122.03,17975.18,4312.54,485.74,2026-03-01 10:00:00
BR103,AED,2026-02-08,21018.76,21009.4,0.0,0.0,2026-03-01 10:00:00
BR103,SGD,2026-02-08,4139.92,5036.22,887.48,0.0,2026-03-01 10:00:00
BR103,JPY,2026-02-08,0.0,0.0,0.0,29252.18,2026-03-01 10:00:00
BR104,USD,2026-02-08,19691.32,20514.33,859.1,0.0,2026-03-01 10:00:00
BR104,EUR,2026-02-08,34598.61,33084.75,0.0,1455.94,2026-03-01 10:00:00
BR104,GBP,2026-02-08,28641.41,28633.37,0.0,0.0,2026-03-01 10:00:00
BR104,AED,2026-02-08,35190.18,35211.83,0.0,0.0,2026-03-01 10:00:00
BR104,SGD,2026-02-08,26801.41,23695.75,0.0,3077.54,2026-03-01 10:00:00
BR104,JPY,2026-02-08,0.0,0.0,0.0,0.0,2026-03-01 10:00:00
BR105,USD,2026-02-08,1420.51,0.0,0.0,2777.49,2026-03-01 10:00:00
BR105,EUR,2026-02-08,34492.85,33155.78,0.0,1339.79,2026-03-01 10:00:00
BR105,GBP,2026-02-08,21198.61,20552.97,0.0,584.76,2026-03-01 10:00:00
BR105,AED,2026-02-08,1320.44,0.0,3958.75,7655.49,2026-03-01 10:00:00
BR105,SGD,2026-02-08,12125.58,12132.4,0.0,0.0,2026-03-01 10:00:00
BR105,JPY,2026-02-08,0.0,0.0,0.0,0.0,2026-03-01 10:00:00
BR106,USD,2026-02-08,18747.52,18785.49,0.0,0.0,2026-03-01 10:00:00
BR106,EUR,2026-02-08,34696.83,33457.1,0.0,1228.75,2026-03-01 10:00:00
BR106,GBP,2026-02-08,39127.56,38556.58,0.0,824.77,2026-03-01 10:00:00
BR106,AED,2026-02-08,7834.3,7870.46,0.0,0.0,2026-03-01 10:00:00
BR106,SGD,2026-02-08,22452.15,21716.15,0.0,727.85,2026-03-01 10:00:00
BR106,JPY,2026-02-08,731.2,0.0,0.0,423121.24,2026-03-01 10:00:00
BR107,USD,2026-02-08,14356.27,14384.86,0.0,0.0,2026-03-01 10:00:00
BR107,EUR,2026-02-08,26319.53,26409.18,0.0,0.0,2026-03-01 10:00:00
BR107,GBP,2026-02-08,9282.45,9252.04,0.0,0.0,2026-03-01 10:00:00
BR107,AED,2026-02-08,0.0,0.0,0.0,0.0,2026-03-01 10:00:00
BR107,SGD,2026-02-08,17698.08,13692.9,0.0,3983.16,2026-03-01 10:00:00
BR107,JPY,2026-02-08,0.0,0.0,0.0,0.0,2026-03-01 10:00:00
BR100,USD,2026-02-09,17269.5,17286.66,0.0,0.0,2026-03-01 10:00:00
BR100,EUR,2026-02-09,25498.67,25553.23,0.0,0.0,2026-03-01 10:00:00
BR100,GBP,2026-02-09,28371.61,30293.53,1989.99,0.0,2026-03-01 10:00:00
BR100,AED,2026-02-09,2097.97,2088.26,0.0,0.0,2026-03-01 10:00:00
BR100,SGD,2026-02-09,5263.56,5272.6,0.0,0.0,2026-03-01 10:00:00
BR100,JPY,2026-02-09,0.0,0.0,0.0,0.0,2026-03-01 10:00:00
BR101,USD,2026-02-09,8169.55,6365.75,0.0,1770.82,2026-03-01 10:00:00
BR101,EUR,2026-02-09,22388.85,22395.35,0.0,0.0,2026-03-01 10:00:00
BR101,GBP,2026-02-09,17965.53,16793.77,0.0,1200.26,2026-03-01 10:00:00
BR101,AED,2026-02-09,13043.43,9821.76,0.0,3218.49,2026-03-01 10:00:00
BR101,SGD,2026-02-09,18047.99,18031.46,0.0,0.0,2026-03-01 10:00:00
BR101,JPY,2026-02-09,0.0,0.0,0.0,182769.19,2026-03-01 10:00:00
BR102,USD,2026-02-09,28642.96,28621.73,0.0,0.0,2026-03-01 10:00:00
BR102,EUR,2026-02-09,18467.77,18417.98,0.0,0.0,2026-03-01 10:00:00
BR102,GBP,2026-02-09,5381.76,3402.22,0.0,1971.84,2026-03-01 10:00:00
BR102,AED,2026-02-09,734.44,735.2,0.0,0.0,2026-03-01 10:00:00
BR102,SGD,2026-02-09,28516.29,28534.64,0.0,0.0,2026-03-01 10:00:00
BR102,JPY,2026-02-09,0.0,0.0,0.0,0.0,2026-03-01 10:00:00
BR103,USD,2026-02-09,13790.32,14674.89,912.02,0.0,2026-03-01 10:00:00
BR103,EUR,2026-02-09,39105.46,39091.26,0.0,0.0,2026-03-01 10:00:00
BR103,GBP,2026-02-09,17975.18,21205.23,3308.31,0.0,2026-03-01 10:00:00
BR103,AED,2026-02-09,21009.4,21016.9,0.0,0.0,2026-03-01 10:00:00
BR103,SGD,2026-02-09,5036.22,5050.61,0.0,0.0,2026-03-01 10:00:00
BR103,JPY,2026-02-09,0.0,0.0,0.0,0.0,2026-03-01 10:00:00
BR104,USD,2026-02-09,20514.33,20490.29,0.0,0.0,2026-03-01 10:00:00
BR104,EUR,2026-02-09,33084.75,32493.78,0.0,612.75,2026-03-01 10:00:00
BR104,GBP,2026-02-09,28633.37,28705.12,0.0,0.0,2026-03-01 10:00:00
BR104,AED,2026-02-09,35211.83,35180.27,0.0,0.0,2026-03-01 10:00:00
BR104,SGD,2026-02-09,23695.75,23662.94,0.0,0.0,2026-03-01 10:00:00
BR104,JPY,2026-02-09,0.0,0.0,0.0,201913.86,2026-03-01 10:00:00
BR105,USD,2026-02-09,0.0,0.0,0.0,0.0,2026-03-01 10:00:00
BR105,EUR,2026-02-09,33155.78,38728.02,5436.83,0.0,2026-03-01 10:00:00
BR105,GBP,2026-02-09,20552.97,20564.37,0.0,0.0,2026-03-01 10:00:00
BR105,AED,2026-02-09,0.0,0.0,0.0,5791.06,2026-03-01 10:00:00
BR105,SGD,2026-02-09,12132.4,11548.22,0.0,591.99,2026-03-01 10:00:00
BR105,JPY,2026-02-09,0.0,0.0,0.0,277345.32,2026-03-01 10:00:00
BR106,USD,2026-02-09,18785.49,18754.95,0.0,0.0,2026-03-01 10:00:00
BR106,EUR,2026-02-09,33457.1,33512.19,0.0,0.0,2026-03-01 10:00:00
BR106,GBP,2026-02-09,38556.58,36390.51,0.0,2183.48,2026-03-01 10:00:00
BR106,AED,2026-02-09,7870.46,0.0,0.0,7872.29,2026-03-01 10:00:00
BR106,SGD,2026-02-09,21716.15,21673.79,0.0,0.0,2026-03-01 10:00:00
BR106,JPY,2026-02-09,0.0,0.0,0.0,201081.01,2026-03-01 10:00:00
BR107,USD,2026-02-09,14384.86,14271.11,0.0,132.87,2026-03-01 10:00:00
BR107,EUR,2026-02-09,26409.18,26379.98,0.0,0.0,2026-03-01 10:00:00
BR107,GBP,2026-02-09,9252.04,9053.22,0.0,217.36,2026-03-01 10:00:00
BR107,AED,2026-02-09,0.0,0.0,0.0,0.0,2026-03-01 10:00:00
BR107,SGD,2026-02-09,13692.9,13671.49,0.0,0.0,2026-03-01 10:00:00
BR107,JPY,2026-02-09,0.0,0.0,0.0,0.0,2026-03-01 10:00:00
BR100,USD,2026-02-10,17286.66,17225.43,0.0,0.0,2026-03-01 10:00:00
BR100,EUR,2026-02-10,25553.23,23017.66,0.0,2559.66,2026-03-01 10:00:00
BR100,GBP,2026-02-10,30293.53,28077.53,0.0,2105.06,2026-03-01 10:00:00
BR100,AED,2026-02-10,2088.26,2083.13,0.0,0.0,2026-03-01 10:00:00
BR100,SGD,2026-02-10,5272.6,5250.71,0.0,0.0,2026-03-01 10:00:00
BR100,JPY,2026-02-10,0.0,0.0,0.0,0.0,2026-03-01 10:00:00
BR101,USD,2026-02-10,6365.75,6363.84,0.0,0.0,2026-03-01 10:00:00
BR101,EUR,2026-02-10,22395.35,22380.71,0.0,0.0,2026-03-01 10:00:00
BR101,GBP,2026-02-10,16793.77,15040.28,0.0,1718.47,2026-03-01 10:00:00
BR101,AED,2026-02-10,9821.76,9798.73,0.0,0.0,2026-03-01 10:00:00
BR101,SGD,2026-02-10,18031.46,18048.21,0.0,0.0,2026-03-01 10:00:00
BR101,JPY,2026-02-10,0.0,0.0,0.0,0.0,2026-03-01 10:00:00
BR102,USD,2026-02-10,28621.73,27829.23,0.0,810.61,2026-03-01 10:00:00
BR102,EUR,2026-02-10,18417.98,16040.4,0.0,2344.97,2026-03-01 10:00:00
BR102,GBP,2026-02-10,3402.22,3403.45,0.0,0.0,2026-03-01 10:00:00
BR102,AED,2026-02-10,735.2,0.0,0.0,23859.19,2026-03-01 10:00:00
BR102,SGD,2026-02-10,28534.64,30357.47,4726.28,2936.9,2026-03-01 10:00:00
BR102,JPY,2026-02-10,0.0,0.0,0.0,120509.87,2026-03-01 10:00:00
BR103,USD,2026-02-10,14674.89,13368.35,0.0,1314.09,2026-03-01 10:00:00
BR103,EUR,2026-02-10,39091.26,39072.45,0.0,0.0,2026-03-01 10:00:00
BR103,GBP,2026-02-10,21205.23,21205.56,0.0,0.0,2026-03-01 10:00:00
BR103,AED,2026-02-10,21016.9,0.0,0.0,23256.23,2026-03-01 10:00:00
BR103,SGD,2026-02-10,5050.61,2253.19,0.0,2795.76,2026-03-01 10:00:00
BR103,JPY,2026-02-10,0.0,0.0,0.0,0.0,2026-03-01 10:00:00
BR104,USD,2026-02-10,20490.29,20449.58,0.0,0.0,2026-03-01 10:00:00
BR104,EUR,2026-02-10,32493.78,31837.28,0.0,590.48,2026-03-01 10:00:00
BR104,GBP,2026-02-10,28705.12,27906.14,0.0,719.26,2026-03-01 10:00:00
BR104,AED,2026-02-10,35180.27,37743.58,2675.91,0.0,2026-03-01 10:00:00
BR104,SGD,2026-02-10,23662.94,18748.06,0.0,4857.28,2026-03-01 10:00:00
BR104,JPY,2026-02-10,0.0,0.0,0.0,0.0,2026-03-01 10:00:00
BR105,USD,2026-02-10,0.0,0.0,0.0,0.0,2026-03-01 10:00:00
BR105,EUR,2026-02-10,38728.02,38767.8,0.0,0.0,2026-03-01 10:00:00
BR105,GBP,2026-02-10,20564.37,20565.8,0.0,0.0,2026-03-01 10:00:00
BR105,AED,2026-02-10,0.0,0.0,0.0,0.0,2026-03-01 10:00:00
BR105,SGD,2026-02-10,11548.22,11563.35,0.0,0.0,2026-03-01 10:00:00
BR105,JPY,2026-02-10,0.0,0.0,0.0,411398.8,2026-03-01 10:00:00
BR106,USD,2026-02-10,18754.95,17514.09,0.0,1203.58,2026-03-01 10:00:00
BR106,EUR,2026-02-10,33512.19,33540.35,0.0,0.0,2026-03-01 10:00:00
BR106,GBP,2026-02-10,36390.51,36328.17,0.0,0.0,2026-03-01 10:00:00
BR106,AED,2026-02-10,0.0,0.0,0.0,9996.42,2026-03-01 10:00:00
BR106,SGD,2026-02-10,21673.79,21618.97,0.0,0.0,2026-03-01 10:00:00
BR106,JPY,2026-02-10,0.0,2047.03,2047.03,0.0,2026-03-01 10:00:00
BR107,USD,2026-02-10,14271.11,12750.68,0.0,1509.51,2026-03-01 10:00:00
BR107,EUR,2026-02-10,26379.98,26373.45,0.0,0.0,2026-03-01 10:00:00
BR107,GBP,2026-02-10,9053.22,9046.02,0.0,0.0,2026-03-01 10:00:00
BR107,AED,2026-02-10,0.0,0.0,0.0,3625.21,2026-03-01 10:00:00
BR107,SGD,2026-02-10,13671.49,13660.55,0.0,0.0,2026-03-01 10:00:00
BR107,JPY,2026-02-10,0.0,0.0,0.0,0.0,2026-03-01 10:00:00
BR100,USD,2026-02-11,17225.43,17223.88,0.0,0.0,2026-03-01 10:00:00
BR100,EUR,2026-02-11,23017.66,23026.07,0.0,0.0,2026-03-01 10:00:00
BR100,GBP,2026-02-11,28077.53,28039.9,0.0,0.0,2026-03-01 10:00:00
BR100,AED,2026-02-11,2083.13,4958.36,2870.35,0.0,2026-03-01 10:00:00
BR100,SGD,2026-02-11,5250.71,5238.36,0.0,0.0,2026-03-01 10:00:00
BR100,JPY,2026-02-11,0.0,0.0,0.0,0.0,2026-03-01 10:00:00
BR101,USD,2026-02-11,6363.84,6378.88,0.0,0.0,2026-03-01 10:00:00
BR101,EUR,2026-02-11,22380.71,26532.69,4130.45,0.0,2026-03-01 10:00:00
BR101,GBP,2026-02-11,15040.28,15034.19,0.0,0.0,2026-03-01 10:00:00
BR101,AED,2026-02-11,9798.73,9788.38,0.0,0.0,2026-03-01 10:00:00
BR101,SGD,2026-02-11,18048.21,15001.23,0.0,3084.38,2026-03-01 10:00:00
BR101,JPY,2026-02-11,0.0,0.0,0.0,0.0,2026-03-01 10:00:00
BR102,USD,2026-02-11,27829.23,27775.23,0.0,0.0,2026-03-01 10:00:00
BR102,EUR,2026-02-11,16040.4,16027.64,0.0,0.0,2026-03-01 10:00:00
BR102,GBP,2026-02-11,3403.45,3411.88,0.0,0.0,2026-03-01 10:00:00
BR102,AED,2026-02-11,0.0,0.0,0.0,0.0,2026-03-01 10:00:00
BR102,SGD,2026-02-11,30357.47,30298.7,0.0,0.0,2026-03-01 10:00:00
BR102,JPY,2026-02-11,0.0,0.0,0.0,0.0,2026-03-01 10:00:00
BR103,USD,2026-02-11,13368.35,13351.92,0.0,0.0,2026-03-01 10:00:00
BR103,EUR,2026-02-11,39072.45,37406.37,0.0,1610.61,2026-03-01 10:00:00
BR103,GBP,2026-02-11,21205.56,21090.21,0.0,156.87,2026-03-01 10:00:00
BR103,AED,2026-02-11,0.0,0.0,0.0,0.0,2026-03-01 10:00:00
BR103,SGD,2026-02-11,2253.19,3222.59,962.15,0.0,2026-03-01 10:00:00
BR103,JPY,2026-02-11,0.0,0.0,0.0,0.0,2026-03-01 10:00:00
BR104,USD,2026-02-11,20449.58,20494.2,0.0,0.0,2026-03-01 10:00:00
BR104,EUR,2026-02-11,31837.28,32764.35,956.55,0.0,2026-03-01 10:00:00
BR104,GBP,2026-02-11,27906.14,26149.94,0.0,1747.83,2026-03-01 10:00:00
BR104,AED,2026-02-11,37743.58,37635.4,0.0,0.0,2026-03-01 10:00:00
BR104,SGD,2026-02-11,18748.06,18728.38,0.0,0.0,2026-03-01 10:00:00
BR104,JPY,2026-02-11,0.0,0.0,0.0,191020.36,2026-03-01 10:00:00
BR105,USD,2026-02-11,0.0,1226.44,3353.88,2127.44,2026-03-01 10:00:00
BR105,EUR,2026-02-11,38767.8,38681.96,0.0,0.0,2026-03-01 10:00:00
BR105,GBP,2026-02-11,20565.8,19177.57,0.0,1373.2,2026-03-01 10:00:00
BR105,AED,2026-02-11,0.0,0.0,0.0,0.0,2026-03-01 10:00:00
BR105,SGD,2026-02-11,11563.35,11531.07,0.0,0.0,2026-03-01 10:00:00
BR105,JPY,2026-02-11,0.0,0.0,0.0,0.0,2026-03-01 10:00:00
BR106,USD,2026-02-11,17514.09,17488.73,0.0,0.0,2026-03-01 10:00:00
BR106,EUR,2026-02-11,33540.35,39413.5,5886.25,0.0,2026-03-01 10:00:00
BR106,GBP,2026-02-11,36328.17,36295.34,0.0,0.0,2026-03-01 10:00:00
BR106,AED,2026-02-11,0.0,0.0,0.0,0.0,2026-03-01 10:00:00
BR106,SGD,2026-02-11,21618.97,21618.67,0.0,0.0,2026-03-01 10:00:00
BR106,JPY,2026-02-11,2047.03,2046.15,0.0,0.0,2026-03-01 10:00:00
BR107,USD,2026-02-11,12750.68,12741.19,0.0,0.0,2026-03-01 10:00:00
BR107,EUR,2026-02-11,26373.45,26335.03,0.0,0.0,2026-03-01 10:00:00
BR107,GBP,2026-02-11,9046.02,9051.8,0.0,0.0,2026-03-01 10:00:00
BR107,AED,2026-02-11,0.0,0.0,0.0,7062.17,2026-03-01 10:00:00
BR107,SGD,2026-02-11,13660.55,11063.39,0.0,2600.98,2026-03-01 10:00:00
BR107,JPY,2026-02-11,0.0,0.0,0.0,0.0,2026-03-01 10:00:00
BR100,USD,2026-02-12,17223.88,17175.99,0.0,0.0,2026-03-01 10:00:00
BR100,EUR,2026-02-12,23026.07,23033.33,0.0,0.0,2026-03-01 10:00:00
BR100,GBP,2026-02-12,28039.9,26124.67,0.0,1853.69,2026-03-01 10:00:00
BR100,AED,2026-02-12,4958.36,0.0,0.0,7186.73,2026-03-01 10:00:00
BR100,SGD,2026-02-12,5238.36,5230.61,0.0,0.0,2026-03-01 10:00:00
BR100,JPY,2026-02-12,0.0,3118.7,3118.7,0.0,2026-03-01 10:00:00
BR101,USD,2026-02-12,6378.88,6391.0,0.0,0.0,2026-03-01 10:00:00
BR101,EUR,2026-02-12,26532.69,29517.27,3246.45,274.77,2026-03-01 10:00:00
BR101,GBP,2026-02-12,15034.19,14988.1,0.0,0.0,2026-03-01 10:00:00
BR101,AED,2026-02-12,9788.38,9784.54,0.0,0.0,2026-03-01 10:00:00
BR101,SGD,2026-02-12,15001.23,11899.71,0.0,3110.57,2026-03-01 10:00:00
BR101,JPY,2026-02-12,0.0,0.0,0.0,317205.56,2026-03-01 10:00:00
BR102,USD,2026-02-12,27775.23,27672.81,0.0,0.0,2026-03-01 10:00:00
BR102,EUR,2026-02-12,16027.64,14153.6,0.0,1845.5,2026-03-01 10:00:00
BR102,GBP,2026-02-12,3411.88,1645.75,0.0,1765.69,2026-03-01 10:00:00
BR102,AED,2026-02-12,0.0,0.0,2678.24,8400.54,2026-03-01 10:00:00
BR102,SGD,2026-02-12,30298.7,30165.62,0.0,0.0,2026-03-01 10:00:00
BR102,JPY,2026-02-12,0.0,0.0,0.0,0.0,2026-03-01 10:00:00
BR103,USD,2026-02-12,13351.92,12500.04,0.0,855.7,2026-03-01 10:00:00
BR103,EUR,2026-02-12,37406.37,32915.36,0.0,4554.57,2026-03-01 10:00:00
BR103,GBP,2026-02-12,21090.21,21119.43,0.0,0.0,2026-03-01 10:00:00
BR103,AED,2026-02-12,0.0,0.0,0.0,0.0,2026-03-01 10:00:00
BR103,SGD,2026-02-12,3222.59,0.0,0.0,6109.25,2026-03-01 10:00:00
BR103,JPY,2026-02-12,0.0,0.0,0.0,217395.31,2026-03-01 10:00:00
BR104,USD,2026-02-12,20494.2,20068.81,0.0,409.27,2026-03-01 10:00:00
BR104,EUR,2026-02-12,32764.35,30897.32,0.0,1932.67,2026-03-01 10:00:00
BR104,GBP,2026-02-12,26149.94,26004.99,0.0,217.83,2026-03-01 10:00:00
BR104,AED,2026-02-12,37635.4,40838.27,3149.39,0.0,2026-03-01 10:00:00
BR104,SGD,2026-02-12,18728.38,18744.46,0.0,0.0,2026-03-01 10:00:00
BR104,JPY,2026-02-12,0.0,0.0,0.0,327620.24,2026-03-01 10:00:00
BR105,USD,2026-02-12,1226.44,1225.08,0.0,0.0,2026-03-01 10:00:00
BR105,EUR,2026-02-12,38681.96,38671.9,0.0,0.0,2026-03-01 10:00:00
BR105,GBP,2026-02-12,19177.57,19241.59,0.0,0.0,2026-03-01 10:00:00
BR105,AED,2026-02-12,0.0,0.0,0.0,8075.16,2026-03-01 10:00:00
BR105,SGD,2026-02-12,11531.07,9577.89,0.0,1990.42,2026-03-01 10:00:00
BR105,JPY,2026-02-12,0.0,0.0,0.0,0.0,2026-03-01 10:00:00
BR106,USD,2026-02-12,17488.73,17535.09,0.0,0.0,2026-03-01 10:00:00
BR106,EUR,2026-02-12,39413.5,39302.6,0.0,0.0,2026-03-01 10:00:00
BR106,GBP,2026-02-12,36295.34,36337.87,0.0,0.0,2026-03-01 10:00:00
BR106,AED,2026-02-12,0.0,0.0,0.0,8368.59,2026-03-01 10:00:00
BR106,SGD,2026-02-12,21618.67,21557.48,0.0,0.0,2026-03-01 10:00:00
BR106,JPY,2026-02-12,2046.15,2047.04,0.0,0.0,2026-03-01 10:00:00
BR107,USD,2026-02-12,12741.19,12766.92,0.0,0.0,2026-03-01 10:00:00
BR107,EUR,2026-02-12,26335.03,23535.89,0.0,2754.63,2026-03-01 10:00:00
BR107,GBP,2026-02-12,9051.8,9024.66,0.0,0.0,2026-03-01 10:00:00
BR107,AED,2026-02-12,0.0,0.0,0.0,0.0,2026-03-01 10:00:00
BR107,SGD,2026-02-12,11063.39,10573.37,0.0,488.09,2026-03-01 10:00:00
BR107,JPY,2026-02-12,0.0,0.0,0.0,0.0,2026-03-01 10:00:00
BR100,USD,2026-02-13,17175.99,17208.61,0.0,0.0,2026-03-01 10:00:00
BR100,EUR,2026-02-13,23033.33,22089.84,0.0,940.75,2026-03-01 10:00:00
BR100,GBP,2026-02-13,26124.67,26221.61,0.0,0.0,2026-03-01 10:00:00
BR100,AED,2026-02-13,0.0,0.0,0.0,0.0,2026-03-01 10:00:00
BR100,SGD,2026-02-13,5230.61,5226.99,0.0,0.0,2026-03-01 10:00:00
BR100,JPY,2026-02-13,3118.7,3108.65,0.0,0.0,2026-03-01 10:00:00
BR101,USD,2026-02-13,6391.0,6387.64,0.0,0.0,2026-03-01 10:00:00
BR101,EUR,2026-02-13,29517.27,29497.41,0.0,0.0,2026-03-01 10:00:00
BR101,GBP,2026-02-13,14988.1,15016.89,0.0,0.0,2026-03-01 10:00:00
BR101,AED,2026-02-13,9784.54,12207.66,2414.07,0.0,2026-03-01 10:00:00
BR101,SGD,2026-02-13,11899.71,13947.07,2075.43,0.0,2026-03-01 10:00:00
BR101,JPY,2026-02-13,0.0,0.0,0.0,0.0,2026-03-01 10:00:00
BR102,USD,2026-02-13,27672.81,27709.98,0.0,0.0,2026-03-01 10:00:00
BR102,EUR,2026-02-13,14153.6,14196.86,0.0,0.0,2026-03-01 10:00:00
BR102,GBP,2026-02-13,1645.75,1648.67,0.0,0.0,2026-03-01 10:00:00
BR102,AED,2026-02-13,0.0,0.0,0.0,0.0,2026-03-01 10:00:00
BR102,SGD,2026-02-13,30165.62,30169.24,0.0,0.0,2026-03-01 10:00:00
BR102,JPY,2026-02-13,0.0,0.0,0.0,0.0,2026-03-01 10:00:00
BR103,USD,2026-02-13,12500.04,10860.64,0.0,1670.64,2026-03-01 10:00:00
BR103,EUR,2026-02-13,32915.36,32827.62,0.0,0.0,2026-03-01 10:00:00
BR103,GBP,2026-02-13,21119.43,21104.67,0.0,0.0,2026-03-01 10:00:00
BR103,AED,2026-02-13,0.0,0.0,0.0,0.0,2026-03-01 10:00:00
BR103,SGD,2026-02-13,0.0,0.0,0.0,0.0,2026-03-01 10:00:00
BR103,JPY,2026-02-13,0.0,0.0,0.0,0.0,2026-03-01 10:00:00
BR104,USD,2026-02-13,20068.81,20044.85,0.0,0.0,2026-03-01 10:00:00
BR104,EUR,2026-02-13,30897.32,30749.61,0.0,0.0,2026-03-01 10:00:00
BR104,GBP,2026-02-13,26004.99,25983.55,0.0,0.0,2026-03-01 10:00:00
BR104,AED,2026-02-13,40838.27,40912.88,0.0,0.0,2026-03-01 10:00:00
BR104,SGD,2026-02-13,18744.46,18764.62,0.0,0.0,2026-03-01 10:00:00
BR104,JPY,2026-02-13,0.0,0.0,0.0,0.0,2026-03-01 10:00:00
BR105,USD,2026-02-13,1225.08,1224.39,0.0,0.0,2026-03-01 10:00:00
BR105,EUR,2026-02-13,38671.9,38572.97,0.0,0.0,2026-03-01 10:00:00
BR105,GBP,2026-02-13,19241.59,19261.42,0.0,0.0,2026-03-01 10:00:00
BR105,AED,2026-02-13,0.0,0.0,0.0,9745.02,2026-03-01 10:00:00
BR105,SGD,2026-02-13,9577.89,9619.73,0.0,0.0,2026-03-01 10:00:00
BR105,JPY,2026-02-13,0.0,0.0,0.0,0.0,2026-03-01 10:00:00
BR106,USD,2026-02-13,17535.09,16276.08,0.0,1238.64,2026-03-01 10:00:00
BR106,EUR,2026-02-13,39302.6,39254.54,0.0,0.0,2026-03-01 10:00:00
BR106,GBP,2026-02-13,36337.87,38090.57,1759.46,0.0,2026-03-01 10:00:00
BR106,AED,2026-02-13,0.0,0.0,0.0,0.0,2026-03-01 10:00:00
BR106,SGD,2026-02-13,21557.48,21605.63,0.0,0.0,2026-03-01 10:00:00
BR106,JPY,2026-02-13,2047.04,2047.8,0.0,0.0,2026-03-01 10:00:00
BR107,USD,2026-02-13,12766.92,12282.45,0.0,465.78,2026-03-01 10:00:00
BR107,EUR,2026-02-13,23535.89,23624.88,0.0,0.0,2026-03-01 10:00:00
BR107,GBP,2026-02-13,9024.66,9025.55,0.0,0.0,2026-03-01 10:00:00
BR107,AED,2026-02-13,0.0,0.0,0.0,0.0,2026-03-01 10:00:00
BR107,SGD,2026-02-13,10573.37,10560.51,0.0,0.0,2026-03-01 10:00:00
BR107,JPY,2026-02-13,0.0,0.0,0.0,18942.75,2026-03-01 10:00:00
BR100,USD,2026-02-14,17208.61,17219.32,0.0,0.0,2026-03-01 10:00:00
BR100,EUR,2026-02-14,22089.84,20947.26,0.0,1059.1,2026-03-01 10:00:00
BR100,GBP,2026-02-14,26221.61,26327.3,0.0,0.0,2026-03-01 10:00:00
BR100,AED,2026-02-14,0.0,0.0,0.0,0.0,2026-03-01 10:00:00
BR100,SGD,2026-02-14,5226.99,5222.83,0.0,0.0,2026-03-01 10:00:00
BR100,JPY,2026-02-14,3108.65,0.0,0.0,265320.8,2026-03-01 10:00:00
BR101,USD,2026-02-14,6387.64,6392.08,0.0,0.0,2026-03-01 10:00:00
BR101,EUR,2026-02-14,29497.41,29502.52,0.0,0.0,2026-03-01 10:00:00
BR101,GBP,2026-02-14,15016.89,15027.57,0.0,0.0,2026-03-01 10:00:00
BR101,AED,2026-02-14,12207.66,5408.88,0.0,6803.45,2026-03-01 10:00:00
BR101,SGD,2026-02-14,13947.07,13961.19,0.0,0.0,2026-03-01 10:00:00
BR101,JPY,2026-02-14,0.0,0.0,0.0,542812.95,2026-03-01 10:00:00
BR102,USD,2026-02-14,27709.98,27741.46,0.0,0.0,2026-03-01 10:00:00
BR102,EUR,2026-02-14,14196.86,18055.91,3888.86,0.0,2026-03-01 10:00:00
BR102,GBP,2026-02-14,1648.67,1653.17,0.0,0.0,2026-03-01 10:00:00
BR102,AED,2026-02-14,0.0,0.0,0.0,0.0,2026-03-01 10:00:00
BR102,SGD,2026-02-14,30169.24,30359.43,0.0,0.0,2026-03-01 10:00:00
BR102,JPY,2026-02-14,0.0,0.0,0.0,0.0,2026-03-01 10:00:00
BR103,USD,2026-02-14,10860.64,9200.95,0.0,1664.97,2026-03-01 10:00:00
BR103,EUR,2026-02-14,32827.62,34971.53,2280.61,0.0,2026-03-01 10:00:00
BR103,GBP,2026-02-14,21104.67,21128.02,0.0,0.0,2026-03-01 10:00:00
BR103,AED,2026-02-14,0.0,0.0,0.0,0.0,2026-03-01 10:00:00
BR103,SGD,2026-02-14,0.0,0.0,0.0,0.0,2026-03-01 10:00:00
BR103,JPY,2026-02-14,0.0,0.0,0.0,51130.61,2026-03-01 10:00:00
BR104,USD,2026-02-14,20044.85,19333.95,0.0,643.18,2026-03-01 10:00:00
BR104,EUR,2026-02-14,30749.61,30720.63,0.0,0.0,2026-03-01 10:00:00
BR104,GBP,2026-02-14,25983.55,26736.69,855.8,0.0,2026-03-01 10:00:00
BR104,AED,2026-02-14,40912.88,40974.34,0.0,0.0,2026-03-01 10:00:00
BR104,SGD,2026-02-14,18764.62,18687.12,0.0,0.0,2026-03-01 10:00:00
BR104,JPY,2026-02-14,0.0,0.0,0.0,0.0,2026-03-01 10:00:00
BR105,USD,2026-02-14,1224.39,1219.3,0.0,0.0,2026-03-01 10:00:00
BR105,EUR,2026-02-14,38572.97,38548.26,0.0,0.0,2026-03-01 10:00:00
BR105,GBP,2026-02-14,19261.42,20380.36,2181.18,1125.54,2026-03-01 10:00:00
BR105,AED,2026-02-14,0.0,0.0,0.0,10613.22,2026-03-01 10:00:00
BR105,SGD,2026-02-14,9619.73,9603.12,0.0,0.0,2026-03-01 10:00:00
BR105,JPY,2026-02-14,0.0,0.0,0.0,0.0,2026-03-01 10:00:00
BR106,USD,2026-02-14,16276.08,13403.44,0.0,2873.23,2026-03-01 10:00:00
BR106,EUR,2026-02-14,39254.54,39291.65,0.0,0.0,2026-03-01 10:00:00
BR106,GBP,2026-02-14,38090.57,36819.54,0.0,1166.9,2026-03-01 10:00:00
BR106,AED,2026-02-14,0.0,0.0,0.0,16582.9,2026-03-01 10:00:00
BR106,SGD,2026-02-14,21605.63,20397.95,0.0,1090.82,2026-03-01 10:00:00
BR106,JPY,2026-02-14,2047.8,2045.23,0.0,0.0,2026-03-01 10:00:00
BR107,USD,2026-02-14,12282.45,9616.87,0.0,2653.59,2026-03-01 10:00:00
BR107,EUR,2026-02-14,23624.88,23654.81,0.0,0.0,2026-03-01 10:00:00
BR107,GBP,2026-02-14,9025.55,9025.96,0.0,0.0,2026-03-01 10:00:00
BR107,AED,2026-02-14,0.0,0.0,0.0,0.0,2026-03-01 10:00:00
BR107,SGD,2026-02-14,10560.51,10539.7,0.0,0.0,2026-03-01 10:00:00
BR107,JPY,2026-02-14,0.0,4875.1,4875.1,0.0,2026-03-01 10:00:00
BR100,USD,2026-02-15,17219.32,17216.6,0.0,0.0,2026-03-01 10:00:00
BR100,EUR,2026-02-15,20947.26,18868.56,0.0,2054.44,2026-03-01 10:00:00
BR100,GBP,2026-02-15,26327.3,29032.98,4890.77,2159.77,2026-03-01 10:00:00
BR100,AED,2026-02-15,0.0,0.0,0.0,9439.21,2026-03-01 10:00:00
BR100,SGD,2026-02-15,5222.83,1284.18,0.0,3933.25,2026-03-01 10:00:00
BR100,JPY,2026-02-15,0.0,0.0,0.0,174158.7,2026-03-01 10:00:00
BR101,USD,2026-02-15,6392.08,9715.7,4766.28,1470.4,2026-03-01 10:00:00
BR101,EUR,2026-02-15,29502.52,30773.22,1354.7,0.0,2026-03-01 10:00:00
BR101,GBP,2026-02-15,15027.57,14971.91,0.0,0.0,2026-03-01 10:00:00
BR101,AED,2026-02-15,5408.88,8711.79,3294.43,0.0,2026-03-01 10:00:00
BR101,SGD,2026-02-15,13961.19,10948.06,0.0,2994.18,2026-03-01 10:00:00
BR101,JPY,2026-02-15,0.0,0.0,0.0,0.0,2026-03-01 10:00:00
BR102,USD,2026-02-15,27741.46,27698.12,0.0,0.0,2026-03-01 10:00:00
BR102,EUR,2026-02-15,18055.91,18046.53,0.0,0.0,2026-03-01 10:00:00
BR102,GBP,2026-02-15,1653.17,1658.45,0.0,0.0,2026-03-01 10:00:00
BR102,AED,2026-02-15,0.0,6043.89,6043.89,0.0,2026-03-01 10:00:00
BR102,SGD,2026-02-15,30359.43,29076.06,0.0,1335.73,2026-03-01 10:00:00
BR102,JPY,2026-02-15,0.0,0.0,0.0,0.0,2026-03-01 10:00:00
BR103,USD,2026-02-15,9200.95,9179.76,0.0,0.0,2026-03-01 10:00:00
BR103,EUR,2026-02-15,34971.53,34772.96,0.0,0.0,2026-03-01 10:00:00
BR103,GBP,2026-02-15,21128.02,25690.1,4596.28,0.0,2026-03-01 10:00:00
BR103,AED,2026-02-15,0.0,0.0,0.0,4055.04,2026-03-01 10:00:00
BR103,SGD,2026-02-15,0.0,0.0,0.0,5010.84,2026-03-01 10:00:00
BR103,JPY,2026-02-15,0.0,0.0,0.0,0.0,2026-03-01 10:00:00
BR104,USD,2026-02-15,19333.95,17012.07,0.0,2321.02,2026-03-01 10:00:00
BR104,EUR,2026-02-15,30720.63,30678.3,0.0,0.0,2026-03-01 10:00:00
BR104,GBP,2026-02-15,26736.69,26747.64,0.0,0.0,2026-03-01 10:00:00
BR104,AED,2026-02-15,40974.34,41037.1,0.0,0.0,2026-03-01 10:00:00
BR104,SGD,2026-02-15,18687.12,14814.19,0.0,3812.54,2026-03-01 10:00:00
BR104,JPY,2026-02-15,0.0,845.05,845.05,0.0,2026-03-01 10:00:00
BR105,USD,2026-02-15,1219.3,0.0,0.0,1424.75,2026-03-01 10:00:00
BR105,EUR,2026-02-15,38548.26,38516.26,0.0,0.0,2026-03-01 10:00:00
BR105,GBP,2026-02-15,20380.36,19152.53,0.0,1256.39,2026-03-01 10:00:00
BR105,AED,2026-02-15,0.0,883.78,883.78,0.0,2026-03-01 10:00:00
BR105,SGD,2026-02-15,9603.12,8776.82,0.0,824.29,2026-03-01 10:00:00
BR105,JPY,2026-02-15,0.0,0.0,3237.96,127195.05,2026-03-01 10:00:00
BR106,USD,2026-02-15,13403.44,13383.65,0.0,0.0,2026-03-01 10:00:00
BR106,EUR,2026-02-15,39291.65,38342.37,0.0,963.52,2026-03-01 10:00:00
BR106,GBP,2026-02-15,36819.54,36853.44,0.0,0.0,2026-03-01 10:00:00
BR106,AED,2026-02-15,0.0,0.0,0.0,10628.18,2026-03-01 10:00:00
BR106,SGD,2026-02-15,20397.95,17681.13,0.0,2675.22,2026-03-01 10:00:00
BR106,JPY,2026-02-15,2045.23,0.0,0.0,214822.34,2026-03-01 10:00:00
BR107,USD,2026-02-15,9616.87,9644.99,0.0,0.0,2026-03-01 10:00:00
BR107,EUR,2026-02-15,23654.81,27430.3,3754.27,0.0,2026-03-01 10:00:00
BR107,GBP,2026-02-15,9025.96,8763.09,1460.85,1741.08,2026-03-01 10:00:00
BR107,AED,2026-02-15,0.0,1449.3,1449.3,0.0,2026-03-01 10:00:00
BR107,SGD,2026-02-15,10539.7,10555.51,0.0,0.0,2026-03-01 10:00:00
BR107,JPY,2026-02-15,4875.1,4877.82,0.0,0.0,2026-03-01 10:00:00
BR100,USD,2026-02-16,17216.6,20911.62,3727.76,0.0,2026-03-01 10:00:00
BR100,EUR,2026-02-16,18868.56,16872.09,0.0,2008.49,2026-03-01 10:00:00
BR100,GBP,2026-02-16,29032.98,28975.4,0.0,0.0,2026-03-01 10:00:00
BR100,AED,2026-02-16,0.0,4331.21,4331.21,0.0,2026-03-01 10:00:00
BR100,SGD,2026-02-16,1284.18,0.0,0.0,5920.01,2026-03-01 10:00:00
BR100,JPY,2026-02-16,0.0,0.0,0.0,0.0,2026-03-01 10:00:00
BR101,USD,2026-02-16,9715.7,5429.44,0.0,4263.15,2026-03-01 10:00:00
BR101,EUR,2026-02-16,30773.22,30838.09,0.0,0.0,2026-03-01 10:00:00
BR101,GBP,2026-02-16,14971.91,14989.04,0.0,0.0,2026-03-01 10:00:00
BR101,AED,2026-02-16,8711.79,8699.51,0.0,0.0,2026-03-01 10:00:00
BR101,SGD,2026-02-16,10948.06,10914.4,0.0,0.0,2026-03-01 10:00:00
BR101,JPY,2026-02-16,0.0,0.0,0.0,42522.95,2026-03-01 10:00:00
BR102,USD,2026-02-16,27698.12,22993.26,0.0,4680.16,2026-03-01 10:00:00
BR102,EUR,2026-02-16,18046.53,18050.62,0.0,0.0,2026-03-01 10:00:00
BR102,GBP,2026-02-16,1658.45,0.0,0.0,2489.66,2026-03-01 10:00:00
BR102,AED,2026-02-16,6043.89,110.26,0.0,5909.36,2026-03-01 10:00:00
BR102,SGD,2026-02-16,29076.06,29053.47,0.0,0.0,2026-03-01 10:00:00
BR102,JPY,2026-02-16,0.0,0.0,0.0,0.0,2026-03-01 10:00:00
BR103,USD,2026-02-16,9179.76,6241.87,0.0,2949.53,2026-03-01 10:00:00
BR103,EUR,2026-02-16,34772.96,34724.4,0.0,0.0,2026-03-01 10:00:00
BR103,GBP,2026-02-16,25690.1,25776.35,0.0,0.0,2026-03-01 10:00:00
BR103,AED,2026-02-16,0.0,0.0,0.0,0.0,2026-03-01 10:00:00
BR103,SGD,2026-02-16,0.0,0.0,0.0,0.0,2026-03-01 10:00:00
BR103,JPY,2026-02-16,0.0,0.0,0.0,0.0,2026-03-01 10:00:00
BR104,USD,2026-02-16,17012.07,17041.32,0.0,0.0,2026-03-01 10:00:00
BR104,EUR,2026-02-16,30678.3,32951.56,2268.36,0.0,2026-03-01 10:00:00
BR104,GBP,2026-02-16,26747.64,26808.6,0.0,0.0,2026-03-01 10:00:00
BR104,AED,2026-02-16,41037.1,41005.31,0.0,0.0,2026-03-01 10:00:00
BR104,SGD,2026-02-16,14814.19,14781.64,0.0,0.0,2026-03-01 10:00:00
BR104,JPY,2026-02-16,845.05,0.0,0.0,29919.33,2026-03-01 10:00:00
BR105,USD,2026-02-16,0.0,0.0,0.0,799.83,2026-03-01 10:00:00
BR105,EUR,2026-02-16,38516.26,38533.33,0.0,0.0,2026-03-01 10:00:00
BR105,GBP,2026-02-16,19152.53,19199.83,0.0,0.0,2026-03-01 10:00:00
BR105,AED,2026-02-16,883.78,881.96,0.0,0.0,2026-03-01 10:00:00
BR105,SGD,2026-02-16,8776.82,8189.52,0.0,597.76,2026-03-01 10:00:00
BR105,JPY,2026-02-16,0.0,0.0,0.0,275364.26,2026-03-01 10:00:00
BR106,USD,2026-02-16,13383.65,10469.26,0.0,2910.86,2026-03-01 10:00:00
BR106,EUR,2026-02-16,38342.37,38347.92,0.0,0.0,2026-03-01 10:00:00
BR106,GBP,2026-02-16,36853.44,43467.41,6724.55,0.0,2026-03-01 10:00:00
BR106,AED,2026-02-16,0.0,0.0,0.0,0.0,2026-03-01 10:00:00
BR106,SGD,2026-02-16,17681.13,17728.91,0.0,0.0,2026-03-01 10:00:00
BR106,JPY,2026-02-16,0.0,0.0,0.0,0.0,2026-03-01 10:00:00
BR107,USD,2026-02-16,9644.99,7497.2,0.0,2146.59,2026-03-01 10:00:00
BR107,EUR,2026-02-16,27430.3,25864.83,0.0,1578.81,2026-03-01 10:00:00
BR107,GBP,2026-02-16,8763.09,7264.07,0.0,1493.87,2026-03-01 10:00:00
BR107,AED,2026-02-16,1449.3,1453.23,0.0,0.0,2026-03-01 10:00:00
BR107,SGD,2026-02-16,10555.51,9087.6,0.0,1463.68,2026-03-01 10:00:00
BR107,JPY,2026-02-16,4877.82,4880.08,0.0,0.0,2026-03-01 10:00:00
BR100,USD,2026-02-17,20911.62,25020.52,4060.97,0.0,2026-03-01 10:00:00
BR100,EUR,2026-02-17,16872.09,16845.86,0.0,0.0,2026-03-01 10:00:00
BR100,GBP,2026-02-17,28975.4,29065.73,0.0,0.0,2026-03-01 10:00:00
BR100,AED,2026-02-17,4331.21,4317.95,0.0,0.0,2026-03-01 10:00:00
BR100,SGD,2026-02-17,0.0,0.0,0.0,0.0,2026-03-01 10:00:00
BR100,JPY,2026-02-17,0.0,0.0,0.0,0.0,2026-03-01 10:00:00
BR101,USD,2026-02-17,5429.44,5426.81,0.0,0.0,2026-03-01 10:00:00
BR101,EUR,2026-02-17,30838.09,30568.84,0.0,152.68,2026-03-01 10:00:00
BR101,GBP,2026-02-17,14989.04,17413.72,2438.32,0.0,2026-03-01 10:00:00
BR101,AED,2026-02-17,8699.51,8681.42,0.0,0.0,2026-03-01 10:00:00
BR101,SGD,2026-02-17,10914.4,10901.13,0.0,0.0,2026-03-01 10:00:00
BR101,JPY,2026-02-17,0.0,0.0,0.0,0.0,2026-03-01 10:00:00
BR102,USD,2026-02-17,22993.26,23457.83,420.53,0.0,2026-03-01 10:00:00
BR102,EUR,2026-02-17,18050.62,18058.11,0.0,0.0,2026-03-01 10:00:00
BR102,GBP,2026-02-17,0.0,0.0,0.0,0.0,2026-03-01 10:00:00
BR102,AED,2026-02-17,110.26,0.0,0.0,2403.0,2026-03-01 10:00:00
BR102,SGD,2026-02-17,29053.47,31484.7,2482.4,0.0,2026-03-01 10:00:00
BR102,JPY,2026-02-17,0.0,0.0,0.0,0.0,2026-03-01 10:00:00
BR103,USD,2026-02-17,6241.87,8174.21,1941.52,0.0,2026-03-01 10:00:00
BR103,EUR,2026-02-17,34724.4,34704.63,0.0,134.79,2026-03-01 10:00:00
BR103,GBP,2026-02-17,25776.35,25763.82,0.0,0.0,2026-03-01 10:00:00
BR103,AED,2026-02-17,0.0,0.0,0.0,6014.25,2026-03-01 10:00:00
BR103,SGD,2026-02-17,0.0,0.0,0.0,0.0,2026-03-01 10:00:00
BR103,JPY,2026-02-17,0.0,0.0,0.0,0.0,2026-03-01 10:00:00
BR104,USD,2026-02-17,17041.32,17037.54,0.0,0.0,2026-03-01 10:00:00
BR104,EUR,2026-02-17,32951.56,31591.13,0.0,1334.84,2026-03-01 10:00:00
BR104,GBP,2026-02-17,26808.6,23541.03,0.0,3264.57,2026-03-01 10:00:00
BR104,AED,2026-02-17,41005.31,41033.03,0.0,0.0,2026-03-01 10:00:00
BR104,SGD,2026-02-17,14781.64,10877.45,0.0,3930.54,2026-03-01 10:00:00
BR104,JPY,2026-02-17,0.0,0.0,0.0,0.0,2026-03-01 10:00:00
BR105,USD,2026-02-17,0.0,0.0,0.0,0.0,2026-03-01 10:00:00
BR105,EUR,2026-02-17,38533.33,38659.59,0.0,0.0,2026-03-01 10:00:00
BR105,GBP,2026-02-17,19199.83,16799.92,0.0,2414.55,2026-03-01 10:00:00
BR105,AED,2026-02-17,881.96,882.51,0.0,0.0,2026-03-01 10:00:00
BR105,SGD,2026-02-17,8189.52,8164.64,0.0,0.0,2026-03-01 10:00:00
BR105,JPY,2026-02-17,0.0,0.0,0.0,0.0,2026-03-01 10:00:00
BR106,USD,2026-02-17,10469.26,10477.39,0.0,0.0,2026-03-01 10:00:00
BR106,EUR,2026-02-17,38347.92,38340.64,0.0,0.0,2026-03-01 10:00:00
BR106,GBP,2026-02-17,43467.41,43422.66,0.0,0.0,2026-03-01 10:00:00
BR106,AED,2026-02-17,0.0,0.0,0.0,0.0,2026-03-01 10:00:00
BR106,SGD,2026-02-17,17728.91,17726.76,0.0,0.0,2026-03-01 10:00:00
BR106,JPY,2026-02-17,0.0,5649.7,5649.7,0.0,2026-03-01 10:00:00
BR107,USD,2026-02-17,7497.2,4627.29,0.0,2871.2,2026-03-01 10:00:00
BR107,EUR,2026-02-17,25864.83,25826.19,0.0,0.0,2026-03-01 10:00:00
BR107,GBP,2026-02-17,7264.07,5095.09,0.0,2183.36,2026-03-01 10:00:00
BR107,AED,2026-02-17,1453.23,0.0,0.0,9788.45,2026-03-01 10:00:00
BR107,SGD,2026-02-17,9087.6,9097.17,0.0,0.0,2026-03-01 10:00:00
BR107,JPY,2026-02-17,4880.08,4875.43,0.0,0.0,2026-03-01 10:00:00
BR100,USD,2026-02-18,25020.52,24556.4,0.0,431.6,2026-03-01 10:00:00
BR100,EUR,2026-02-18,16845.86,15399.68,0.0,1449.01,2026-03-01 10:00:00
BR100,GBP,2026-02-18,29065.73,29066.48,0.0,0.0,2026-03-01 10:00:00
BR100,AED,2026-02-18,4317.95,4322.1,0.0,0.0,2026-03-01 10:00:00
BR100,SGD,2026-02-18,0.0,0.0,0.0,0.0,2026-03-01 10:00:00
BR100,JPY,2026-02-18,0.0,0.0,0.0,0.0,2026-03-01 10:00:00
BR101,USD,2026-02-18,5426.81,4253.41,0.0,1168.7,2026-03-01 10:00:00
BR101,EUR,2026-02-18,30568.84,31260.16,642.79,0.0,2026-03-01 10:00:00
BR101,GBP,2026-02-18,17413.72,19140.6,1737.23,0.0,2026-03-01 10:00:00
BR101,AED,2026-02-18,8681.42,8677.14,0.0,0.0,2026-03-01 10:00:00
BR101,SGD,2026-02-18,10901.13,10922.64,0.0,0.0,2026-03-01 10:00:00
BR101,JPY,2026-02-18,0.0,0.0,0.0,237178.39,2026-03-01 10:00:00
BR102,USD,2026-02-18,23457.83,23385.45,0.0,0.0,2026-03-01 10:00:00
BR102,EUR,2026-02-18,18058.11,16230.69,0.0,1821.62,2026-03-01 10:00:00
BR102,GBP,2026-02-18,0.0,0.0,0.0,0.0,2026-03-01 10:00:00
BR102,AED,2026-02-18,0.0,0.0,0.0,0.0,2026-03-01 10:00:00
BR102,SGD,2026-02-18,31484.7,31473.65,0.0,0.0,2026-03-01 10:00:00
BR102,JPY,2026-02-18,0.0,0.0,0.0,0.0,2026-03-01 10:00:00
BR103,USD,2026-02-18,8174.21,8174.06,0.0,0.0,2026-03-01 10:00:00
BR103,EUR,2026-02-18,34704.63,32046.65,0.0,2679.29,2026-03-01 10:00:00
BR103,GBP,2026-02-18,25763.82,23537.4,0.0,2319.86,2026-03-01 10:00:00
BR103,AED,2026-02-18,0.0,0.0,1237.6,14972.0,2026-03-01 10:00:00
BR103,SGD,2026-02-18,0.0,0.0,0.0,0.0,2026-03-01 10:00:00
BR103,JPY,2026-02-18,0.0,0.0,0.0,0.0,2026-03-01 10:00:00
BR104,USD,2026-02-18,17037.54,17008.7,0.0,0.0,2026-03-01 10:00:00
BR104,EUR,2026-02-18,31591.13,30464.67,0.0,1089.51,2026-03-01 10:00:00
BR104,GBP,2026-02-18,23541.03,23518.49,0.0,0.0,2026-03-01 10:00:00
BR104,AED,2026-02-18,41033.03,31585.63,0.0,9476.9,2026-03-01 10:00:00
BR104,SGD,2026-02-18,10877.45,10804.48,3716.25,3840.32,2026-03-01 10:00:00
BR104,JPY,2026-02-18,0.0,0.0,0.0,0.0,2026-03-01 10:00:00
BR105,USD,2026-02-18,0.0,0.0,0.0,0.0,2026-03-01 10:00:00
BR105,EUR,2026-02-18,38659.59,38654.71,0.0,0.0,2026-03-01 10:00:00
BR105,GBP,2026-02-18,16799.92,16813.22,0.0,0.0,2026-03-01 10:00:00
BR105,AED,2026-02-18,882.51,0.0,0.0,1557.09,2026-03-01 10:00:00
BR105,SGD,2026-02-18,8164.64,8185.61,0.0,0.0,2026-03-01 10:00:00
BR105,JPY,2026-02-18,0.0,0.0,0.0,0.0,2026-03-01 10:00:00
BR106,USD,2026-02-18,10477.39,10427.37,0.0,0.0,2026-03-01 10:00:00
BR106,EUR,2026-02-18,38340.64,40271.03,4486.56,2518.15,2026-03-01 10:00:00
BR106,GBP,2026-02-18,43422.66,43517.95,0.0,0.0,2026-03-01 10:00:00
BR106,AED,2026-02-18,0.0,0.0,0.0,0.0,2026-03-01 10:00:00
BR106,SGD,2026-02-18,17726.76,19109.11,1488.98,0.0,2026-03-01 10:00:00
BR106,JPY,2026-02-18,5649.7,9722.26,4066.11,0.0,2026-03-01 10:00:00
BR107,USD,2026-02-18,4627.29,4629.54,0.0,0.0,2026-03-01 10:00:00
BR107,EUR,2026-02-18,25826.19,25769.88,0.0,0.0,2026-03-01 10:00:00
BR107,GBP,2026-02-18,5095.09,2105.55,0.0,2979.5,2026-03-01 10:00:00
BR107,AED,2026-02-18,0.0,2626.1,2626.1,0.0,2026-03-01 10:00:00
BR107,SGD,2026-02-18,9097.17,9099.18,0.0,0.0,2026-03-01 10:00:00
BR107,JPY,2026-02-18,4875.43,5398.79,529.47,0.0,2026-03-01 10:00:00
BR100,USD,2026-02-19,24556.4,27844.92,3264.26,0.0,2026-03-01 10:00:00
BR100,EUR,2026-02-19,15399.68,15311.76,0.0,0.0,2026-03-01 10:00:00
BR100,GBP,2026-02-19,29066.48,29016.67,0.0,0.0,2026-03-01 10:00:00
BR100,AED,2026-02-19,4322.1,4312.36,0.0,0.0,2026-03-01 10:00:00
BR100,SGD,2026-02-19,0.0,0.0,0.0,0.0,2026-03-01 10:00:00
BR100,JPY,2026-02-19,0.0,0.0,0.0,0.0,2026-03-01 10:00:00
BR101,USD,2026-02-19,4253.41,4260.2,0.0,0.0,2026-03-01 10:00:00
BR101,EUR,2026-02-19,31260.16,30022.31,0.0,1121.6,2026-03-01 10:00:00
BR101,GBP,2026-02-19,19140.6,17402.04,0.0,1740.3,2026-03-01 10:00:00
BR101,AED,2026-02-19,8677.14,4580.58,0.0,4106.25,2026-03-01 10:00:00
BR101,SGD,2026-02-19,10922.64,10436.44,0.0,526.76,2026-03-01 10:00:00
BR101,JPY,2026-02-19,0.0,0.0,0.0,406467.55,2026-03-01 10:00:00
BR102,USD,2026-02-19,23385.45,22777.83,0.0,622.79,2026-03-01 10:00:00
BR102,EUR,2026-02-19,16230.69,16172.13,0.0,0.0,2026-03-01 10:00:00
BR102,GBP,2026-02-19,0.0,0.0,0.0,0.0,2026-03-01 10:00:00
BR102,AED,2026-02-19,0.0,2368.36,2368.36,0.0,2026-03-01 10:00:00
BR102,SGD,2026-02-19,31473.65,31473.3,0.0,0.0,2026-03-01 10:00:00
BR102,JPY,2026-02-19,0.0,0.0,0.0,193359.17,2026-03-01 10:00:00
BR103,USD,2026-02-19,8174.06,5637.46,0.0,2514.15,2026-03-01 10:00:00
BR103,EUR,2026-02-19,32046.65,32079.97,0.0,0.0,2026-03-01 10:00:00
BR103,GBP,2026-02-19,23537.4,22435.14,0.0,1190.23,2026-03-01 10:00:00
BR103,AED,2026-02-19,0.0,0.0,0.0,6346.78,2026-03-01 10:00:00
BR103,SGD,2026-02-19,0.0,0.0,0.0,0.0,2026-03-01 10:00:00
BR103,JPY,2026-02-19,0.0,0.0,0.0,0.0,2026-03-01 10:00:00
BR104,USD,2026-02-19,17008.7,15973.55,0.0,981.72,2026-03-01 10:00:00
BR104,EUR,2026-02-19,30464.67,31129.23,724.52,142.55,2026-03-01 10:00:00
BR104,GBP,2026-02-19,23518.49,30725.36,7235.6,0.0,2026-03-01 10:00:00
BR104,AED,2026-02-19,31585.63,18663.79,0.0,12953.71,2026-03-01 10:00:00
BR104,SGD,2026-02-19,10804.48,10770.7,0.0,0.0,2026-03-01 10:00:00
BR104,JPY,2026-02-19,0.0,4531.98,4531.98,0.0,2026-03-01 10:00:00
BR105,USD,2026-02-19,0.0,0.0,0.0,0.0,2026-03-01 10:00:00
BR105,EUR,2026-02-19,38654.71,36530.59,0.0,2097.27,2026-03-01 10:00:00
BR105,GBP,2026-02-19,16813.22,16862.09,0.0,0.0,2026-03-01 10:00:00
BR105,AED,2026-02-19,0.0,0.0,0.0,0.0,2026-03-01 10:00:00
BR105,SGD,2026-02-19,8185.61,8155.45,0.0,0.0,2026-03-01 10:00:00
BR105,JPY,2026-02-19,0.0,4620.87,4620.87,0.0,2026-03-01 10:00:00
BR106,USD,2026-02-19,10427.37,5628.52,0.0,4786.55,2026-03-01 10:00:00
BR106,EUR,2026-02-19,40271.03,39568.41,0.0,758.89,2026-03-01 10:00:00
BR106,GBP,2026-02-19,43517.95,41460.03,0.0,2060.12,2026-03-01 10:00:00
BR106,AED,2026-02-19,0.0,0.0,0.0,0.0,2026-03-01 10:00:00
BR106,SGD,2026-02-19,19109.11,20597.87,4360.51,2878.03,2026-03-01 10:00:00
BR106,JPY,2026-02-19,9722.26,0.0,0.0,429284.18,2026-03-01 10:00:00
BR107,USD,2026-02-19,4629.54,4634.11,0.0,0.0,2026-03-01 10:00:00
BR107,EUR,2026-02-19,25769.88,25766.91,0.0,0.0,2026-03-01 10:00:00
BR107,GBP,2026-02-19,2105.55,38.7,0.0,2071.38,2026-03-01 10:00:00
BR107,AED,2026-02-19,2626.1,2627.21,0.0,0.0,2026-03-01 10:00:00
BR107,SGD,2026-02-19,9099.18,9102.99,0.0,0.0,2026-03-01 10:00:00
BR107,JPY,2026-02-19,5398.79,5387.0,0.0,0.0,2026-03-01 10:00:00
BR100,USD,2026-02-20,27844.92,27857.95,0.0,0.0,2026-03-01 10:00:00
BR100,EUR,2026-02-20,15311.76,12173.24,0.0,3170.23,2026-03-01 10:00:00
BR100,GBP,2026-02-20,29016.67,28968.15,0.0,0.0,2026-03-01 10:00:00
BR100,AED,2026-02-20,4312.36,4324.65,0.0,0.0,2026-03-01 10:00:00
BR100,SGD,2026-02-20,0.0,2554.9,2554.9,0.0,2026-03-01 10:00:00
BR100,JPY,2026-02-20,0.0,0.0,1289.25,404320.48,2026-03-01 10:00:00
BR101,USD,2026-02-20,4260.2,4268.7,0.0,0.0,2026-03-01 10:00:00
BR101,EUR,2026-02-20,30022.31,28900.59,0.0,1104.5,2026-03-01 10:00:00
BR101,GBP,2026-02-20,17402.04,16750.47,0.0,678.0,2026-03-01 10:00:00
BR101,AED,2026-02-20,4580.58,0.0,0.0,5591.48,2026-03-01 10:00:00
BR101,SGD,2026-02-20,10436.44,13540.24,3105.05,0.0,2026-03-01 10:00:00
BR101,JPY,2026-02-20,0.0,0.0,0.0,0.0,2026-03-01 10:00:00
BR102,USD,2026-02-20,22777.83,21427.27,0.0,1363.82,2026-03-01 10:00:00
BR102,EUR,2026-02-20,16172.13,15956.96,0.0,150.63,2026-03-01 10:00:00
BR102,GBP,2026-02-20,0.0,0.0,0.0,0.0,2026-03-01 10:00:00
BR102,AED,2026-02-20,2368.36,0.0,0.0,3189.27,2026-03-01 10:00:00
BR102,SGD,2026-02-20,31473.3,31464.99,0.0,0.0,2026-03-01 10:00:00
BR102,JPY,2026-02-20,0.0,0.0,3130.14,133020.93,2026-03-01 10:00:00
BR103,USD,2026-02-20,5637.46,3810.05,0.0,1812.09,2026-03-01 10:00:00
BR103,EUR,2026-02-20,32079.97,29953.01,0.0,2057.69,2026-03-01 10:00:00
BR103,GBP,2026-02-20,22435.14,20718.51,0.0,1625.91,2026-03-01 10:00:00
BR103,AED,2026-02-20,0.0,0.0,0.0,5346.64,2026-03-01 10:00:00
BR103,SGD,2026-02-20,0.0,0.0,2408.98,2969.52,2026-03-01 10:00:00
BR103,JPY,2026-02-20,0.0,0.0,0.0,146720.45,2026-03-01 10:00:00
BR104,USD,2026-02-20,15973.55,16175.42,204.05,0.0,2026-03-01 10:00:00
BR104,EUR,2026-02-20,31129.23,31151.89,0.0,0.0,2026-03-01 10:00:00
BR104,GBP,2026-02-20,30725.36,30853.99,0.0,0.0,2026-03-01 10:00:00
BR104,AED,2026-02-20,18663.79,18607.35,0.0,0.0,2026-03-01 10:00:00
BR104,SGD,2026-02-20,10770.7,13614.51,2818.83,0.0,2026-03-01 10:00:00
BR104,JPY,2026-02-20,4531.98,0.0,0.0,253196.35,2026-03-01 10:00:00
BR105,USD,2026-02-20,0.0,0.0,0.0,0.0,2026-03-01 10:00:00
BR105,EUR,2026-02-20,36530.59,36545.44,0.0,0.0,2026-03-01 10:00:00
BR105,GBP,2026-02-20,16862.09,16846.66,0.0,0.0,2026-03-01 10:00:00
BR105,AED,2026-02-20,0.0,0.0,0.0,4631.07,2026-03-01 10:00:00
BR105,SGD,2026-02-20,8155.45,6384.86,0.0,1795.21,2026-03-01 10:00:00
BR105,JPY,2026-02-20,4620.87,0.0,0.0,75001.07,2026-03-01 10:00:00
BR106,USD,2026-02-20,5628.52,5320.39,805.39,1119.24,2026-03-01 10:00:00
BR106,EUR,2026-02-20,39568.41,39534.36,0.0,0.0,2026-03-01 10:00:00
BR106,GBP,2026-02-20,41460.03,41336.97,0.0,0.0,2026-03-01 10:00:00
BR106,AED,2026-02-20,0.0,0.0,0.0,0.0,2026-03-01 10:00:00
BR106,SGD,2026-02-20,20597.87,20647.58,0.0,0.0,2026-03-01 10:00:00
BR106,JPY,2026-02-20,0.0,0.0,0.0,0.0,2026-03-01 10:00:00
BR107,USD,2026-02-20,4634.11,4624.33,0.0,0.0,2026-03-01 10:00:00
BR107,EUR,2026-02-20,25766.91,25773.42,0.0,0.0,2026-03-01 10:00:00
BR107,GBP,2026-02-20,38.7,1824.81,3811.74,2025.55,2026-03-01 10:00:00
BR107,AED,2026-02-20,2627.21,2623.04,0.0,0.0,2026-03-01 10:00:00
BR107,SGD,2026-02-20,9102.99,12286.3,3712.24,521.22,2026-03-01 10:00:00
BR107,JPY,2026-02-20,5387.0,5372.29,0.0,0.0,2026-03-01 10:00:00
BR100,USD,2026-02-21,27857.95,27803.67,0.0,0.0,2026-03-01 10:00:00
BR100,EUR,2026-02-21,12173.24,10575.26,0.0,1615.11,2026-03-01 10:00:00
BR100,GBP,2026-02-21,28968.15,25906.7,0.0,2985.7,2026-03-01 10:00:00
BR100,AED,2026-02-21,4324.65,4310.83,0.0,0.0,2026-03-01 10:00:00
BR100,SGD,2026-02-21,2554.9,2551.68,0.0,0.0,2026-03-01 10:00:00
BR100,JPY,2026-02-21,0.0,0.0,3618.22,319764.85,2026-03-01 10:00:00
BR101,USD,2026-02-21,4268.7,4267.02,0.0,0.0,2026-03-01 10:00:00
BR101,EUR,2026-02-21,28900.59,28873.74,0.0,0.0,2026-03-01 10:00:00
BR101,GBP,2026-02-21,16750.47,18529.53,1777.57,0.0,2026-03-01 10:00:00
BR101,AED,2026-02-21,0.0,0.0,2314.0,5691.12,2026-03-01 10:00:00
BR101,SGD,2026-02-21,13540.24,13553.63,0.0,0.0,2026-03-01 10:00:00
BR101,JPY,2026-02-21,0.0,0.0,0.0,0.0,2026-03-01 10:00:00
BR102,USD,2026-02-21,21427.27,20028.4,0.0,1381.33,2026-03-01 10:00:00
BR102,EUR,2026-02-21,15956.96,14975.63,0.0,1013.43,2026-03-01 10:00:00
BR102,GBP,2026-02-21,0.0,0.0,0.0,1290.35,2026-03-01 10:00:00
BR102,AED,2026-02-21,0.0,0.0,0.0,1362.24,2026-03-01 10:00:00
BR102,SGD,2026-02-21,31464.99,29834.15,0.0,1640.56,2026-03-01 10:00:00
BR102,JPY,2026-02-21,0.0,0.0,0.0,223871.7,2026-03-01 10:00:00
BR103,USD,2026-02-21,3810.05,3809.9,0.0,0.0,2026-03-01 10:00:00
BR103,EUR,2026-02-21,29953.01,29946.58,0.0,0.0,2026-03-01 10:00:00
BR103,GBP,2026-02-21,20718.51,20769.08,0.0,0.0,2026-03-01 10:00:00
BR103,AED,2026-02-21,0.0,0.0,0.0,1608.15,2026-03-01 10:00:00
BR103,SGD,2026-02-21,0.0,0.0,0.0,0.0,2026-03-01 10:00:00
BR103,JPY,2026-02-21,0.0,0.0,0.0,0.0,2026-03-01 10:00:00
BR104,USD,2026-02-21,16175.42,14940.88,0.0,1215.27,2026-03-01 10:00:00
BR104,EUR,2026-02-21,31151.89,28785.87,0.0,2422.13,2026-03-01 10:00:00
BR104,GBP,2026-02-21,30853.99,30958.86,0.0,0.0,2026-03-01 10:00:00
BR104,AED,2026-02-21,18607.35,21389.28,2796.88,0.0,2026-03-01 10:00:00
BR104,SGD,2026-02-21,13614.51,13633.06,0.0,0.0,2026-03-01 10:00:00
BR104,JPY,2026-02-21,0.0,0.0,0.0,335984.07,2026-03-01 10:00:00
BR105,USD,2026-02-21,0.0,0.0,0.0,0.0,2026-03-01 10:00:00
BR105,EUR,2026-02-21,36545.44,36560.01,0.0,0.0,2026-03-01 10:00:00
BR105,GBP,2026-02-21,16846.66,16862.6,0.0,0.0,2026-03-01 10:00:00
BR105,AED,2026-02-21,0.0,0.0,0.0,0.0,2026-03-01 10:00:00
BR105,SGD,2026-02-21,6384.86,6363.65,0.0,0.0,2026-03-01 10:00:00
BR105,JPY,2026-02-21,0.0,0.0,0.0,0.0,2026-03-01 10:00:00
BR106,USD,2026-02-21,5320.39,5298.44,0.0,0.0,2026-03-01 10:00:00
BR106,EUR,2026-02-21,39534.36,38376.65,0.0,1132.62,2026-03-01 10:00:00
BR106,GBP,2026-02-21,41336.97,41414.78,0.0,0.0,2026-03-01 10:00:00
BR106,AED,2026-02-21,0.0,0.0,0.0,1406.51,2026-03-01 10:00:00
BR106,SGD,2026-02-21,20647.58,20728.04,0.0,0.0,2026-03-01 10:00:00
BR106,JPY,2026-02-21,0.0,0.0,0.0,52648.83,2026-03-01 10:00:00
BR107,USD,2026-02-21,4624.33,4618.28,0.0,0.0,2026-03-01 10:00:00
BR107,EUR,2026-02-21,25773.42,28560.35,2785.52,0.0,2026-03-01 10:00:00
BR107,GBP,2026-02-21,1824.81,1824.64,0.0,0.0,2026-03-01 10:00:00
BR107,AED,2026-02-21,2623.04,2614.74,0.0,0.0,2026-03-01 10:00:00
BR107,SGD,2026-02-21,12286.3,12263.19,0.0,0.0,2026-03-01 10:00:00
BR107,JPY,2026-02-21,5372.29,5366.26,0.0,0.0,2026-03-01 10:00:00
BR100,USD,2026-02-22,27803.67,26407.96,0.0,1282.48,2026-03-01 10:00:00
BR100,EUR,2026-02-22,10575.26,10576.26,0.0,0.0,2026-03-01 10:00:00
BR100,GBP,2026-02-22,25906.7,25263.14,0.0,630.66,2026-03-01 10:00:00
BR100,AED,2026-02-22,4310.83,4296.4,0.0,0.0,2026-03-01 10:00:00
BR100,SGD,2026-02-22,2551.68,0.0,0.0,4698.13,2026-03-01 10:00:00
BR100,JPY,2026-02-22,0.0,0.0,0.0,0.0,2026-03-01 10:00:00
BR101,USD,2026-02-22,4267.02,4268.95,0.0,0.0,2026-03-01 10:00:00
BR101,EUR,2026-02-22,28873.74,28855.03,0.0,0.0,2026-03-01 10:00:00
BR101,GBP,2026-02-22,18529.53,17849.37,0.0,702.08,2026-03-01 10:00:00
BR101,AED,2026-02-22,0.0,0.0,0.0,0.0,2026-03-01 10:00:00
BR101,SGD,2026-02-22,13553.63,13561.97,0.0,0.0,2026-03-01 10:00:00
BR101,JPY,2026-02-22,0.0,0.0,0.0,0.0,2026-03-01 10:00:00
BR102,USD,2026-02-22,20028.4,20039.48,0.0,0.0,2026-03-01 10:00:00
BR102,EUR,2026-02-22,14975.63,15011.44,0.0,0.0,2026-03-01 10:00:00
BR102,GBP,2026-02-22,0.0,0.0,0.0,0.0,2026-03-01 10:00:00
BR102,AED,2026-02-22,0.0,0.0,0.0,0.0,2026-03-01 10:00:00
BR102,SGD,2026-02-22,29834.15,29802.78,0.0,0.0,2026-03-01 10:00:00
BR102,JPY,2026-02-22,0.0,1674.56,1674.56,0.0,2026-03-01 10:00:00
BR103,USD,2026-02-22,3809.9,3424.85,0.0,379.92,2026-03-01 10:00:00
BR103,EUR,2026-02-22,29946.58,29618.3,0.0,341.65,2026-03-01 10:00:00
BR103,GBP,2026-02-22,20769.08,19459.43,0.0,1237.28,2026-03-01 10:00:00
BR103,AED,2026-02-22,0.0,0.0,0.0,0.0,2026-03-01 10:00:00
BR103,SGD,2026-02-22,0.0,0.0,0.0,2521.48,2026-03-01 10:00:00
BR103,JPY,2026-02-22,0.0,0.0,0.0,0.0,2026-03-01 10:00:00
BR104,USD,2026-02-22,14940.88,13117.1,0.0,1853.5,2026-03-01 10:00:00
BR104,EUR,2026-02-22,28785.87,26152.69,0.0,2670.37,2026-03-01 10:00:00
BR104,GBP,2026-02-22,30958.86,30325.92,1291.61,1777.7,2026-03-01 10:00:00
BR104,AED,2026-02-22,21389.28,13837.19,0.0,7639.45,2026-03-01 10:00:00
BR104,SGD,2026-02-22,13633.06,13641.11,0.0,0.0,2026-03-01 10:00:00
BR104,JPY,2026-02-22,0.0,0.0,0.0,0.0,2026-03-01 10:00:00
BR105,USD,2026-02-22,0.0,0.0,0.0,475.96,2026-03-01 10:00:00
BR105,EUR,2026-02-22,36560.01,40326.92,3923.03,169.01,2026-03-01 10:00:00
BR105,GBP,2026-02-22,16862.6,16840.11,0.0,0.0,2026-03-01 10:00:00
BR105,AED,2026-02-22,0.0,577.02,577.02,0.0,2026-03-01 10:00:00
BR105,SGD,2026-02-22,6363.65,4305.02,0.0,2050.89,2026-03-01 10:00:00
BR105,JPY,2026-02-22,0.0,0.0,0.0,0.0,2026-03-01 10:00:00
BR106,USD,2026-02-22,5298.44,5291.17,0.0,0.0,2026-03-01 10:00:00
BR106,EUR,2026-02-22,38376.65,35823.54,0.0,2443.15,2026-03-01 10:00:00
BR106,GBP,2026-02-22,41414.78,41426.86,0.0,0.0,2026-03-01 10:00:00
BR106,AED,2026-02-22,0.0,0.0,0.0,3918.04,2026-03-01 10:00:00
BR106,SGD,2026-02-22,20728.04,20749.38,0.0,0.0,2026-03-01 10:00:00
BR106,JPY,2026-02-22,0.0,2026.0,2026.0,0.0,2026-03-01 10:00:00
BR107,USD,2026-02-22,4618.28,19.36,0.0,4601.92,2026-03-01 10:00:00
BR107,EUR,2026-02-22,28560.35,28529.92,0.0,0.0,2026-03-01 10:00:00
BR107,GBP,2026-02-22,1824.64,0.0,0.0,2106.23,2026-03-01 10:00:00
BR107,AED,2026-02-22,2614.74,2607.64,0.0,0.0,2026-03-01 10:00:00
BR107,SGD,2026-02-22,12263.19,12241.1,0.0,0.0,2026-03-01 10:00:00
BR107,JPY,2026-02-22,5366.26,7608.18,2252.27,0.0,2026-03-01 10:00:00
BR100,USD,2026-02-23,26407.96,26465.01,0.0,0.0,2026-03-01 10:00:00
BR100,EUR,2026-02-23,10576.26,10596.2,0.0,0.0,2026-03-01 10:00:00
BR100,GBP,2026-02-23,25263.14,25287.76,0.0,0.0,2026-03-01 10:00:00
BR100,AED,2026-02-23,4296.4,4305.62,0.0,0.0,2026-03-01 10:00:00
BR100,SGD,2026-02-23,0.0,0.0,0.0,0.0,2026-03-01 10:00:00
BR100,JPY,2026-02-23,0.0,0.0,0.0,158729.55,2026-03-01 10:00:00
BR101,USD,2026-02-23,4268.95,6548.1,2280.21,0.0,2026-03-01 10:00:00
BR101,EUR,2026-02-23,28855.03,28903.9,0.0,0.0,2026-03-01 10:00:00
BR101,GBP,2026-02-23,17849.37,17845.25,0.0,0.0,2026-03-01 10:00:00
BR101,AED,2026-02-23,0.0,0.0,0.0,0.0,2026-03-01 10:00:00
BR101,SGD,2026-02-23,13561.97,13576.64,0.0,0.0,2026-03-01 10:00:00
BR101,JPY,2026-02-23,0.0,0.0,0.0,0.0,2026-03-01 10:00:00
BR102,USD,2026-02-23,20039.48,20012.69,0.0,0.0,2026-03-01 10:00:00
BR102,EUR,2026-02-23,15011.44,15009.6,0.0,0.0,2026-03-01 10:00:00
BR102,GBP,2026-02-23,0.0,0.0,0.0,4323.52,2026-03-01 10:00:00
BR102,AED,2026-02-23,0.0,0.0,0.0,0.0,2026-03-01 10:00:00
BR102,SGD,2026-02-23,29802.78,29498.2,0.0,316.53,2026-03-01 10:00:00
BR102,JPY,2026-02-23,1674.56,0.0,0.0,72655.45,2026-03-01 10:00:00
BR103,USD,2026-02-23,3424.85,3426.65,0.0,0.0,2026-03-01 10:00:00
BR103,EUR,2026-02-23,29618.3,29502.82,0.0,0.0,2026-03-01 10:00:00
BR103,GBP,2026-02-23,19459.43,24315.24,4869.47,0.0,2026-03-01 10:00:00
BR103,AED,2026-02-23,0.0,0.0,0.0,0.0,2026-03-01 10:00:00
BR103,SGD,2026-02-23,0.0,0.0,0.0,0.0,2026-03-01 10:00:00
BR103,JPY,2026-02-23,0.0,0.0,0.0,0.0,2026-03-01 10:00:00
BR104,USD,2026-02-23,13117.1,13150.03,0.0,0.0,2026-03-01 10:00:00
BR104,EUR,2026-02-23,26152.69,26202.16,0.0,0.0,2026-03-01 10:00:00
BR104,GBP,2026-02-23,30325.92,30271.3,0.0,0.0,2026-03-01 10:00:00
BR104,AED,2026-02-23,13837.19,13805.84,0.0,0.0,2026-03-01 10:00:00
BR104,SGD,2026-02-23,13641.11,12439.33,0.0,1211.34,2026-03-01 10:00:00
BR104,JPY,2026-02-23,0.0,0.0,0.0,103785.82,2026-03-01 10:00:00
BR105,USD,2026-02-23,0.0,0.0,0.0,0.0,2026-03-01 10:00:00
BR105,EUR,2026-02-23,40326.92,43996.44,3708.47,0.0,2026-03-01 10:00:00
BR105,GBP,2026-02-23,16840.11,16780.12,0.0,0.0,2026-03-01 10:00:00
BR105,AED,2026-02-23,577.02,574.45,0.0,0.0,2026-03-01 10:00:00
BR105,SGD,2026-02-23,4305.02,2218.43,0.0,2088.55,2026-03-01 10:00:00
BR105,JPY,2026-02-23,0.0,0.0,0.0,415600.25,2026-03-01 10:00:00
BR106,USD,2026-02-23,5291.17,5285.31,0.0,0.0,2026-03-01 10:00:00
BR106,EUR,2026-02-23,35823.54,35873.39,0.0,0.0,2026-03-01 10:00:00
BR106,GBP,2026-02-23,41426.86,41524.09,0.0,0.0,2026-03-01 10:00:00
BR106,AED,2026-02-23,0.0,0.0,0.0,0.0,2026-03-01 10:00:00
BR106,SGD,2026-02-23,20749.38,20735.25,0.0,0.0,2026-03-01 10:00:00
BR106,JPY,2026-02-23,2026.0,0.0,0.0,408197.86,2026-03-01 10:00:00
BR107,USD,2026-02-23,19.36,0.0,0.0,548.42,2026-03-01 10:00:00
BR107,EUR,2026-02-23,28529.92,28178.8,0.0,363.85,2026-03-01 10:00:00
BR107,GBP,2026-02-23,0.0,0.0,0.0,0.0,2026-03-01 10:00:00
BR107,AED,2026-02-23,2607.64,0.0,0.0,8953.18,2026-03-01 10:00:00
BR107,SGD,2026-02-23,12241.1,12193.69,0.0,0.0,2026-03-01 10:00:00
BR107,JPY,2026-02-23,7608.18,0.0,0.0,121536.65,2026-03-01 10:00:00
BR100,USD,2026-02-24,26465.01,23766.66,0.0,2651.86,2026-03-01 10:00:00
BR100,EUR,2026-02-24,10596.2,10598.32,0.0,0.0,2026-03-01 10:00:00
BR100,GBP,2026-02-24,25287.76,25312.07,0.0,0.0,2026-03-01 10:00:00
BR100,AED,2026-02-24,4305.62,4318.5,0.0,0.0,2026-03-01 10:00:00
BR100,SGD,2026-02-24,0.0,0.0,0.0,4032.78,2026-03-01 10:00:00
BR100,JPY,2026-02-24,0.0,0.0,0.0,0.0,2026-03-01 10:00:00
BR101,USD,2026-02-24,6548.1,6563.15,0.0,0.0,2026-03-01 10:00:00
BR101,EUR,2026-02-24,28903.9,30339.37,2047.16,628.83,2026-03-01 10:00:00
BR101,GBP,2026-02-24,17845.25,17890.5,0.0,0.0,2026-03-01 10:00:00
BR101,AED,2026-02-24,0.0,0.0,0.0,0.0,2026-03-01 10:00:00
BR101,SGD,2026-02-24,13576.64,13545.22,0.0,0.0,2026-03-01 10:00:00
BR101,JPY,2026-02-24,0.0,0.0,0.0,0.0,2026-03-01 10:00:00
BR102,USD,2026-02-24,20012.69,19950.59,0.0,0.0,2026-03-01 10:00:00
BR102,EUR,2026-02-24,15009.6,15029.48,0.0,0.0,2026-03-01 10:00:00
BR102,GBP,2026-02-24,0.0,0.0,0.0,0.0,2026-03-01 10:00:00
BR102,AED,2026-02-24,0.0,0.0,0.0,0.0,2026-03-01 10:00:00
BR102,SGD,2026-02-24,29498.2,29547.94,0.0,0.0,2026-03-01 10:00:00
BR102,JPY,2026-02-24,0.0,0.0,0.0,0.0,2026-03-01 10:00:00
BR103,USD,2026-02-24,3426.65,3422.67,0.0,0.0,2026-03-01 10:00:00
BR103,EUR,2026-02-24,29502.82,27141.31,0.0,2293.27,2026-03-01 10:00:00
BR103,GBP,2026-02-24,24315.24,23845.89,0.0,510.69,2026-03-01 10:00:00
BR103,AED,2026-02-24,0.0,0.0,0.0,0.0,2026-03-01 10:00:00
BR103,SGD,2026-02-24,0.0,0.0,0.0,462.74,2026-03-01 10:00:00
BR103,JPY,2026-02-24,0.0,0.0,0.0,0.0,2026-03-01 10:00:00
BR104,USD,2026-02-24,13150.03,12371.98,0.0,786.55,2026-03-01 10:00:00
BR104,EUR,2026-02-24,26202.16,24300.57,0.0,1968.87,2026-03-01 10:00:00
BR104,GBP,2026-02-24,30271.3,30349.7,0.0,0.0,2026-03-01 10:00:00
BR104,AED,2026-02-24,13805.84,13820.86,0.0,0.0,2026-03-01 10:00:00
BR104,SGD,2026-02-24,12439.33,8900.39,0.0,3559.98,2026-03-01 10:00:00
BR104,JPY,2026-02-24,0.0,0.0,0.0,0.0,2026-03-01 10:00:00
BR105,USD,2026-02-24,0.0,0.0,0.0,2057.62,2026-03-01 10:00:00
BR105,EUR,2026-02-24,43996.44,43002.04,0.0,1060.98,2026-03-01 10:00:00
BR105,GBP,2026-02-24,16780.12,16733.32,0.0,0.0,2026-03-01 10:00:00
BR105,AED,2026-02-24,574.45,575.66,0.0,0.0,2026-03-01 10:00:00
BR105,SGD,2026-02-24,2218.43,2213.13,0.0,0.0,2026-03-01 10:00:00
BR105,JPY,2026-02-24,0.0,0.0,0.0,0.0,2026-03-01 10:00:00
BR106,USD,2026-02-24,5285.31,7019.31,1742.93,0.0,2026-03-01 10:00:00
BR106,EUR,2026-02-24,35873.39,35222.33,0.0,690.77,2026-03-01 10:00:00
BR106,GBP,2026-02-24,41524.09,41521.27,0.0,0.0,2026-03-01 10:00:00
BR106,AED,2026-02-24,0.0,0.0,0.0,935.79,2026-03-01 10:00:00
BR106,SGD,2026-02-24,20735.25,18457.58,0.0,2295.11,2026-03-01 10:00:00
BR106,JPY,2026-02-24,0.0,0.0,0.0,0.0,2026-03-01 10:00:00
BR107,USD,2026-02-24,0.0,0.0,0.0,2401.67,2026-03-01 10:00:00
BR107,EUR,2026-02-24,28178.8,27243.16,0.0,935.72,2026-03-01 10:00:00
BR107,GBP,2026-02-24,0.0,0.0,0.0,0.0,2026-03-01 10:00:00
BR107,AED,2026-02-24,0.0,0.0,0.0,8540.71,2026-03-01 10:00:00
BR107,SGD,2026-02-24,12193.69,12179.32,0.0,0.0,2026-03-01 10:00:00
BR107,JPY,2026-02-24,0.0,0.0,0.0,0.0,2026-03-01 10:00:00
BR100,USD,2026-02-25,23766.66,28539.24,4731.86,0.0,2026-03-01 10:00:00
BR100,EUR,2026-02-25,10598.32,8428.44,0.0,2205.44,2026-03-01 10:00:00
BR100,GBP,2026-02-25,25312.07,25271.31,0.0,0.0,2026-03-01 10:00:00
BR100,AED,2026-02-25,4318.5,4327.8,0.0,0.0,2026-03-01 10:00:00
BR100,SGD,2026-02-25,0.0,0.0,0.0,0.0,2026-03-01 10:00:00
BR100,JPY,2026-02-25,0.0,0.0,0.0,0.0,2026-03-01 10:00:00
BR101,USD,2026-02-25,6563.15,6550.57,0.0,0.0,2026-03-01 10:00:00
BR101,EUR,2026-02-25,30339.37,29203.94,0.0,1053.36,2026-03-01 10:00:00
BR101,GBP,2026-02-25,17890.5,17833.84,0.0,0.0,2026-03-01 10:00:00
BR101,AED,2026-02-25,0.0,0.0,0.0,9066.83,2026-03-01 10:00:00
BR101,SGD,2026-02-25,13545.22,13539.42,0.0,0.0,2026-03-01 10:00:00
BR101,JPY,2026-02-25,0.0,0.0,0.0,0.0,2026-03-01 10:00:00
BR102,USD,2026-02-25,19950.59,19978.14,0.0,0.0,2026-03-01 10:00:00
BR102,EUR,2026-02-25,15029.48,15037.46,0.0,0.0,2026-03-01 10:00:00
BR102,GBP,2026-02-25,0.0,0.0,0.0,738.12,2026-03-01 10:00:00
BR102,AED,2026-02-25,0.0,0.0,0.0,0.0,2026-03-01 10:00:00
BR102,SGD,2026-02-25,29547.94,26766.76,0.0,2711.04,2026-03-01 10:00:00
BR102,JPY,2026-02-25,0.0,0.0,0.0,0.0,2026-03-01 10:00:00
BR103,USD,2026-02-25,3422.67,584.08,0.0,2834.56,2026-03-01 10:00:00
BR103,EUR,2026-02-25,27141.31,27090.53,0.0,0.0,2026-03-01 10:00:00
BR103,GBP,2026-02-25,23845.89,26179.27,2341.86,0.0,2026-03-01 10:00:00
BR103,AED,2026-02-25,0.0,0.0,0.0,0.0,2026-03-01 10:00:00
BR103,SGD,2026-02-25,0.0,0.0,0.0,0.0,2026-03-01 10:00:00
BR103,JPY,2026-02-25,0.0,0.0,0.0,0.0,2026-03-01 10:00:00
BR104,USD,2026-02-25,12371.98,12380.6,0.0,0.0,2026-03-01 10:00:00
BR104,EUR,2026-02-25,24300.57,24256.93,0.0,0.0,2026-03-01 10:00:00
BR104,GBP,2026-02-25,30349.7,30320.09,0.0,0.0,2026-03-01 10:00:00
BR104,AED,2026-02-25,13820.86,13850.56,0.0,0.0,2026-03-01 10:00:00
BR104,SGD,2026-02-25,8900.39,8909.23,0.0,0.0,2026-03-01 10:00:00
BR104,JPY,2026-02-25,0.0,0.0,0.0,0.0,2026-03-01 10:00:00
BR105,USD,2026-02-25,0.0,0.0,0.0,0.0,2026-03-01 10:00:00
BR105,EUR,2026-02-25,43002.04,43100.45,0.0,0.0,2026-03-01 10:00:00
BR105,GBP,2026-02-25,16733.32,15116.04,0.0,1570.83,2026-03-01 10:00:00
BR105,AED,2026-02-25,575.66,576.54,0.0,0.0,2026-03-01 10:00:00
BR105,SGD,2026-02-25,2213.13,0.0,0.0,3117.86,2026-03-01 10:00:00
BR105,JPY,2026-02-25,0.0,0.0,0.0,0.0,2026-03-01 10:00:00
BR106,USD,2026-02-25,7019.31,7021.67,0.0,0.0,2026-03-01 10:00:00
BR106,EUR,2026-02-25,35222.33,35288.91,0.0,0.0,2026-03-01 10:00:00
BR106,GBP,2026-02-25,41521.27,40190.01,0.0,1372.85,2026-03-01 10:00:00
BR106,AED,2026-02-25,0.0,0.0,0.0,0.0,2026-03-01 10:00:00
BR106,SGD,2026-02-25,18457.58,18484.99,0.0,0.0,2026-03-01 10:00:00
BR106,JPY,2026-02-25,0.0,0.0,0.0,0.0,2026-03-01 10:00:00
BR107,USD,2026-02-25,0.0,0.0,0.0,0.0,2026-03-01 10:00:00
BR107,EUR,2026-02-25,27243.16,27226.63,0.0,0.0,2026-03-01 10:00:00
BR107,GBP,2026-02-25,0.0,0.0,0.0,0.0,2026-03-01 10:00:00
BR107,AED,2026-02-25,0.0,0.0,0.0,0.0,2026-03-01 10:00:00
BR107,SGD,2026-02-25,12179.32,12153.98,0.0,0.0,2026-03-01 10:00:00
BR107,JPY,2026-02-25,0.0,0.0,0.0,0.0,2026-03-01 10:00:00
BR100,USD,2026-02-26,28539.24,28435.3,0.0,0.0,2026-03-01 10:00:00
BR100,EUR,2026-02-26,8428.44,7427.21,0.0,991.15,2026-03-01 10:00:00
BR100,GBP,2026-02-26,25271.31,25290.02,0.0,0.0,2026-03-01 10:00:00
BR100,AED,2026-02-26,4327.8,9062.35,4729.49,0.0,2026-03-01 10:00:00
BR100,SGD,2026-02-26,0.0,0.0,0.0,0.0,2026-03-01 10:00:00
BR100,JPY,2026-02-26,0.0,0.0,4217.49,112821.55,2026-03-01 10:00:00
BR101,USD,2026-02-26,6550.57,6555.95,0.0,0.0,2026-03-01 10:00:00
BR101,EUR,2026-02-26,29203.94,29190.45,0.0,0.0,2026-03-01 10:00:00
BR101,GBP,2026-02-26,17833.84,16540.47,0.0,1343.06,2026-03-01 10:00:00
BR101,AED,2026-02-26,0.0,0.0,0.0,0.0,2026-03-01 10:00:00
BR101,SGD,2026-02-26,13539.42,13563.06,0.0,0.0,2026-03-01 10:00:00
BR101,JPY,2026-02-26,0.0,0.0,2940.84,99250.61,2026-03-01 10:00:00
BR102,USD,2026-02-26,19978.14,23705.18,3730.21,0.0,2026-03-01 10:00:00
BR102,EUR,2026-02-26,15037.46,15028.43,0.0,0.0,2026-03-01 10:00:00
BR102,GBP,2026-02-26,0.0,0.0,0.0,903.34,2026-03-01 10:00:00
BR102,AED,2026-02-26,0.0,0.0,0.0,9428.83,2026-03-01 10:00:00
BR102,SGD,2026-02-26,26766.76,26737.97,0.0,0.0,2026-03-01 10:00:00
BR102,JPY,2026-02-26,0.0,0.0,0.0,0.0,2026-03-01 10:00:00
BR103,USD,2026-02-26,584.08,422.71,1380.39,1540.51,2026-03-01 10:00:00
BR103,EUR,2026-02-26,27090.53,24577.47,0.0,2606.2,2026-03-01 10:00:00
BR103,GBP,2026-02-26,26179.27,26132.34,0.0,0.0,2026-03-01 10:00:00
BR103,AED,2026-02-26,0.0,0.0,0.0,0.0,2026-03-01 10:00:00
BR103,SGD,2026-02-26,0.0,0.0,0.0,0.0,2026-03-01 10:00:00
BR103,JPY,2026-02-26,0.0,0.0,0.0,0.0,2026-03-01 10:00:00
BR104,USD,2026-02-26,12380.6,12401.71,0.0,0.0,2026-03-01 10:00:00
BR104,EUR,2026-02-26,24256.93,24197.3,0.0,0.0,2026-03-01 10:00:00
BR104,GBP,2026-02-26,30320.09,30233.19,0.0,174.96,2026-03-01 10:00:00
BR104,AED,2026-02-26,13850.56,13850.95,0.0,0.0,2026-03-01 10:00:00
BR104,SGD,2026-02-26,8909.23,8898.6,0.0,0.0,2026-03-01 10:00:00
BR104,JPY,2026-02-26,0.0,0.0,0.0,0.0,2026-03-01 10:00:00
BR105,USD,2026-02-26,0.0,0.0,0.0,0.0,2026-03-01 10:00:00
BR105,EUR,2026-02-26,43100.45,40760.55,0.0,2289.52,2026-03-01 10:00:00
BR105,GBP,2026-02-26,15116.04,15093.39,0.0,0.0,2026-03-01 10:00:00
BR105,AED,2026-02-26,576.54,0.0,0.0,3372.51,2026-03-01 10:00:00
BR105,SGD,2026-02-26,0.0,134.15,1677.77,1543.62,2026-03-01 10:00:00
BR105,JPY,2026-02-26,0.0,0.0,0.0,179783.55,2026-03-01 10:00:00
BR106,USD,2026-02-26,7021.67,7013.71,0.0,0.0,2026-03-01 10:00:00
BR106,EUR,2026-02-26,35288.91,35347.6,0.0,0.0,2026-03-01 10:00:00
BR106,GBP,2026-02-26,40190.01,37953.42,0.0,2253.43,2026-03-01 10:00:00
BR106,AED,2026-02-26,0.0,0.0,0.0,8957.39,2026-03-01 10:00:00
BR106,SGD,2026-02-26,18484.99,19526.63,1041.86,0.0,2026-03-01 10:00:00
BR106,JPY,2026-02-26,0.0,0.0,0.0,0.0,2026-03-01 10:00:00
BR107,USD,2026-02-26,0.0,0.0,0.0,533.07,2026-03-01 10:00:00
BR107,EUR,2026-02-26,27226.63,30084.22,2792.62,0.0,2026-03-01 10:00:00
BR107,GBP,2026-02-26,0.0,2196.78,3018.25,821.47,2026-03-01 10:00:00
BR107,AED,2026-02-26,0.0,0.0,0.0,8839.76,2026-03-01 10:00:00
BR107,SGD,2026-02-26,12153.98,10052.07,0.0,2090.74,2026-03-01 10:00:00
BR107,JPY,2026-02-26,0.0,0.0,0.0,154595.7,2026-03-01 10:00:00
BR100,USD,2026-02-27,28435.3,28400.4,0.0,0.0,2026-03-01 10:00:00
BR100,EUR,2026-02-27,7427.21,9471.55,2041.42,0.0,2026-03-01 10:00:00
BR100,GBP,2026-02-27,25290.02,24857.03,0.0,460.6,2026-03-01 10:00:00
BR100,AED,2026-02-27,9062.35,9022.99,0.0,0.0,2026-03-01 10:00:00
BR100,SGD,2026-02-27,0.0,0.0,0.0,0.0,2026-03-01 10:00:00
BR100,JPY,2026-02-27,0.0,0.0,0.0,432699.72,2026-03-01 10:00:00
BR101,USD,2026-02-27,6555.95,6552.31,0.0,0.0,2026-03-01 10:00:00
BR101,EUR,2026-02-27,29190.45,27041.71,0.0,2224.12,2026-03-01 10:00:00
BR101,GBP,2026-02-27,16540.47,16554.42,0.0,0.0,2026-03-01 10:00:00
BR101,AED,2026-02-27,0.0,0.0,0.0,0.0,2026-03-01 10:00:00
BR101,SGD,2026-02-27,13563.06,13557.2,0.0,0.0,2026-03-01 10:00:00
BR101,JPY,2026-02-27,0.0,3039.59,3039.59,0.0,2026-03-01 10:00:00
BR102,USD,2026-02-27,23705.18,23782.7,0.0,0.0,2026-03-01 10:00:00
BR102,EUR,2026-02-27,15028.43,15067.85,0.0,0.0,2026-03-01 10:00:00
BR102,GBP,2026-02-27,0.0,0.0,0.0,675.82,2026-03-01 10:00:00
BR102,AED,2026-02-27,0.0,0.0,0.0,4034.12,2026-03-01 10:00:00
BR102,SGD,2026-02-27,26737.97,26719.52,0.0,0.0,2026-03-01 10:00:00
BR102,JPY,2026-02-27,0.0,0.0,0.0,0.0,2026-03-01 10:00:00
BR103,USD,2026-02-27,422.71,423.29,0.0,0.0,2026-03-01 10:00:00
BR103,EUR,2026-02-27,24577.47,24536.23,0.0,0.0,2026-03-01 10:00:00
BR103,GBP,2026-02-27,26132.34,26135.88,0.0,0.0,2026-03-01 10:00:00
BR103,AED,2026-02-27,0.0,0.0,0.0,0.0,2026-03-01 10:00:00
BR103,SGD,2026-02-27,0.0,0.0,0.0,0.0,2026-03-01 10:00:00
BR103,JPY,2026-02-27,0.0,0.0,0.0,450468.7,2026-03-01 10:00:00
BR104,USD,2026-02-27,12401.71,9190.3,0.0,3212.8,2026-03-01 10:00:00
BR104,EUR,2026-02-27,24197.3,24182.32,0.0,0.0,2026-03-01 10:00:00
BR104,GBP,2026-02-27,30233.19,30302.49,0.0,0.0,2026-03-01 10:00:00
BR104,AED,2026-02-27,13850.95,11230.11,0.0,2542.24,2026-03-01 10:00:00
BR104,SGD,2026-02-27,8898.6,8898.31,0.0,0.0,2026-03-01 10:00:00
BR104,JPY,2026-02-27,0.0,0.0,0.0,18566.62,2026-03-01 10:00:00
BR105,USD,2026-02-27,0.0,0.0,0.0,0.0,2026-03-01 10:00:00
BR105,EUR,2026-02-27,40760.55,40042.48,0.0,858.79,2026-03-01 10:00:00
BR105,GBP,2026-02-27,15093.39,15066.6,0.0,0.0,2026-03-01 10:00:00
BR105,AED,2026-02-27,0.0,0.0,0.0,0.0,2026-03-01 10:00:00
BR105,SGD,2026-02-27,134.15,134.25,0.0,0.0,2026-03-01 10:00:00
BR105,JPY,2026-02-27,0.0,0.0,0.0,0.0,2026-03-01 10:00:00
BR106,USD,2026-02-27,7013.71,7004.35,0.0,0.0,2026-03-01 10:00:00
BR106,EUR,2026-02-27,35347.6,35295.79,0.0,0.0,2026-03-01 10:00:00
BR106,GBP,2026-02-27,37953.42,39626.73,2694.81,1104.69,2026-03-01 10:00:00
BR106,AED,2026-02-27,0.0,0.0,0.0,8624.42,2026-03-01 10:00:00
BR106,SGD,2026-02-27,19526.63,17991.23,0.0,1475.07,2026-03-01 10:00:00
BR106,JPY,2026-02-27,0.0,0.0,0.0,0.0,2026-03-01 10:00:00
BR107,USD,2026-02-27,0.0,0.0,0.0,4814.78,2026-03-01 10:00:00
BR107,EUR,2026-02-27,30084.22,30134.62,0.0,0.0,2026-03-01 10:00:00
BR107,GBP,2026-02-27,2196.78,5418.55,3224.75,0.0,2026-03-01 10:00:00
BR107,AED,2026-02-27,0.0,0.0,0.0,0.0,2026-03-01 10:00:00
BR107,SGD,2026-02-27,10052.07,10062.58,0.0,0.0,2026-03-01 10:00:00
BR107,JPY,2026-02-27,0.0,2329.0,2329.0,0.0,2026-03-01 10:00:00
BR100,USD,2026-02-28,28400.4,28285.82,0.0,0.0,2026-03-01 10:00:00
BR100,EUR,2026-02-28,9471.55,9417.89,0.0,0.0,2026-03-01 10:00:00
BR100,GBP,2026-02-28,24857.03,24897.5,0.0,0.0,2026-03-01 10:00:00
BR100,AED,2026-02-28,9022.99,13824.85,4799.54,0.0,2026-03-01 10:00:00
BR100,SGD,2026-02-28,0.0,5322.52,5322.52,0.0,2026-03-01 10:00:00
BR100,JPY,2026-02-28,0.0,0.0,0.0,0.0,2026-03-01 10:00:00
BR101,USD,2026-02-28,6552.31,6560.66,0.0,0.0,2026-03-01 10:00:00
BR101,EUR,2026-02-28,27041.71,26533.8,0.0,595.33,2026-03-01 10:00:00
BR101,GBP,2026-02-28,16554.42,16508.31,0.0,0.0,2026-03-01 10:00:00
BR101,AED,2026-02-28,0.0,0.0,0.0,0.0,2026-03-01 10:00:00
BR101,SGD,2026-02-28,13557.2,10474.32,0.0,3039.04,2026-03-01 10:00:00
BR101,JPY,2026-02-28,3039.59,3038.2,0.0,0.0,2026-03-01 10:00:00
BR102,USD,2026-02-28,23782.7,23770.87,0.0,0.0,2026-03-01 10:00:00
BR102,EUR,2026-02-28,15067.85,15086.74,0.0,0.0,2026-03-01 10:00:00
BR102,GBP,2026-02-28,0.0,0.0,0.0,2264.5,2026-03-01 10:00:00
BR102,AED,2026-02-28,0.0,0.0,0.0,0.0,2026-03-01 10:00:00
BR102,SGD,2026-02-28,26719.52,23564.67,0.0,3192.44,2026-03-01 10:00:00
BR102,JPY,2026-02-28,0.0,0.0,0.0,117763.39,2026-03-01 10:00:00
BR103,USD,2026-02-28,423.29,0.0,0.0,2767.9,2026-03-01 10:00:00
BR103,EUR,2026-02-28,24536.23,22685.9,0.0,1804.15,2026-03-01 10:00:00
BR103,GBP,2026-02-28,26135.88,26148.75,0.0,0.0,2026-03-01 10:00:00
BR103,AED,2026-02-28,0.0,0.0,0.0,0.0,2026-03-01 10:00:00
BR103,SGD,2026-02-28,0.0,0.0,0.0,4279.84,2026-03-01 10:00:00
BR103,JPY,2026-02-28,0.0,0.0,0.0,0.0,2026-03-01 10:00:00
BR104,USD,2026-02-28,9190.3,9179.9,0.0,0.0,2026-03-01 10:00:00
BR104,EUR,2026-02-28,24182.32,24159.52,0.0,0.0,2026-03-01 10:00:00
BR104,GBP,2026-02-28,30302.49,30230.63,1726.38,1841.78,2026-03-01 10:00:00
BR104,AED,2026-02-28,11230.11,15619.58,4393.02,0.0,2026-03-01 10:00:00
BR104,SGD,2026-02-28,8898.31,5386.05,0.0,3500.84,2026-03-01 10:00:00
BR104,JPY,2026-02-28,0.0,0.0,0.0,0.0,2026-03-01 10:00:00
BR105,USD,2026-02-28,0.0,746.89,746.89,0.0,2026-03-01 10:00:00
BR105,EUR,2026-02-28,40042.48,46079.02,6033.69,0.0,2026-03-01 10:00:00
BR105,GBP,2026-02-28,15066.6,15086.26,0.0,0.0,2026-03-01 10:00:00
BR105,AED,2026-02-28,0.0,0.0,0.0,0.0,2026-03-01 10:00:00
BR105,SGD,2026-02-28,134.25,0.0,2252.06,3619.41,2026-03-01 10:00:00
BR105,JPY,2026-02-28,0.0,0.0,0.0,545087.38,2026-03-01 10:00:00
BR106,USD,2026-02-28,7004.35,7015.88,0.0,0.0,2026-03-01 10:00:00
BR106,EUR,2026-02-28,35295.79,37993.38,2765.55,0.0,2026-03-01 10:00:00
BR106,GBP,2026-02-28,39626.73,39681.64,0.0,0.0,2026-03-01 10:00:00
BR106,AED,2026-02-28,0.0,0.0,0.0,6488.65,2026-03-01 10:00:00
BR106,SGD,2026-02-28,17991.23,18022.22,0.0,0.0,2026-03-01 10:00:00
BR106,JPY,2026-02-28,0.0,0.0,0.0,0.0,2026-03-01 10:00:00
BR107,USD,2026-02-28,0.0,0.0,0.0,516.22,2026-03-01 10:00:00
BR107,EUR,2026-02-28,30134.62,30099.88,0.0,0.0,2026-03-01 10:00:00
BR107,GBP,2026-02-28,5418.55,6228.03,793.54,0.0,2026-03-01 10:00:00
BR107,AED,2026-02-28,0.0,0.0,0.0,14131.15,2026-03-01 10:00:00
BR107,SGD,2026-02-28,10062.58,8088.21,0.0,1953.5,2026-03-01 10:00:00
BR107,JPY,2026-02-28,2329.0,2332.1,0.0,0.0,2026-03-01 10:00:00
